en|CN|China
en|CN_Anhui|Anhui
en|CN_Anhui_Anqing|Anqing
en|CN_Anhui_Bengbu|Bengbu
en|CN_Anhui_Bozhou|Bozhou
en|CN_Anhui_Chaohu|Chaohu
en|CN_Anhui_Chizhou|Chizhou
en|CN_Anhui_Chuzhou|Chuzhou
en|CN_Anhui_Fuyang|Fuyang
en|CN_Anhui_Hefei|Hefei
en|CN_Anhui_Huaibei|Huaibei
en|CN_Anhui_Huainan|Huainan
en|CN_Anhui_Huangshan|Huangshan
en|CN_Anhui_Luan|Luan
en|CN_Anhui_MOS|MOS
en|CN_Anhui_Suzhou|Suzhou
en|CN_Anhui_Tongling|Tongling
en|CN_Anhui_Wuhu|Wuhu
en|CN_Anhui_Xuancheng|Xuancheng
en|CN_Beijing|Beijing
en|CN_Beijing_Changping|Changping
en|CN_Beijing_Chaoyang|Chaoyang
en|CN_Beijing_Daxing|Daxing
en|CN_Beijing_East|East
en|CN_Beijing_Fangshan|Fangshan
en|CN_Beijing_Fengtai|Fengtai
en|CN_Beijing_Haidian|Haidian
en|CN_Beijing_Huairou|Huairou
en|CN_Beijing_Mentougou|Mentougou
en|CN_Beijing_Miyun|Miyun
en|CN_Beijing_Pinggu|Pinggu
en|CN_Beijing_Shijingshan|Shijingshan
en|CN_Beijing_Shunyi|Shunyi
en|CN_Beijing_Tongzhou|Tongzhou
en|CN_Beijing_West|West
en|CN_Beijing_Yanqing|Yanqing
en|CN_Chongqing|Chongqing
en|CN_Chongqing_Aikawa|Aikawa
en|CN_Chongqing_Banan|Banan
en|CN_Chongqing_Beibei|Beibei
en|CN_Chongqing_Bishan|Bishan
en|CN_Chongqing_Chengkou|Chengkou
en|CN_Chongqing_Dadukou|Dadukou
en|CN_Chongqing_Dazu|Dazu
en|CN_Chongqing_Dianjiang|Dianjiang
en|CN_Chongqing_Fengdu|Fengdu
en|CN_Chongqing_Fengjie|Fengjie
en|CN_Chongqing_Fuling|Fuling
en|CN_Chongqing_Jiangbei|Jiangbei
en|CN_Chongqing_Jiangjin|Jiangjin
en|CN_Chongqing_Jiulongpo|Jiulongpo
en|CN_Chongqing_Kaixian|Kaixian
en|CN_Chongqing_Liangping|Liangping
en|CN_Chongqing_Nanchuan|Nanchuan
en|CN_Chongqing_Pengshui|Pengshui
en|CN_Chongqing_Pine Valley|Pine Valley
en|CN_Chongqing_Qianjiang|Qianjiang
en|CN_Chongqing_Qijiang|Qijiang
en|CN_Chongqing_Rongchang|Rongchang
en|CN_Chongqing_Shapingba|Shapingba
en|CN_Chongqing_Shuangqiao|Shuangqiao
en|CN_Chongqing_South Bank|South Bank
en|CN_Chongqing_Tongliang|Tongliang
en|CN_Chongqing_Tongnan|Tongnan
en|CN_Chongqing_Two Rivers|Two Rivers
en|CN_Chongqing_Wanzhou|Wanzhou
en|CN_Chongqing_Wulong|Wulong
en|CN_Chongqing_Wushan|Wushan
en|CN_Chongqing_Wuxi|Wuxi
en|CN_Chongqing_Xiushan|Xiushan
en|CN_Chongqing_Yongchuan|Yongchuan
en|CN_Chongqing_Youyang|Youyang
en|CN_Chongqing_Yubei|Yubei
en|CN_Chongqing_Yunyang|Yunyang
en|CN_Chongqing_Yuzhong|Yuzhong
en|CN_Chongqing_Zhongxian|Zhongxian
en|CN_Chongqing_columns|columns
en|CN_Chongqing_longevity|longevity
en|CN_Fujian|Fujian
en|CN_Fujian_Fuzhou|Fuzhou
en|CN_Fujian_Longyan|Longyan
en|CN_Fujian_Nanping|Nanping
en|CN_Fujian_Ningde|Ningde
en|CN_Fujian_Putian|Putian
en|CN_Fujian_Quanzhou|Quanzhou
en|CN_Fujian_Sanming|Sanming
en|CN_Fujian_Xiamen|Xiamen
en|CN_Fujian_Zhangzhou|Zhangzhou
en|CN_Gansu|Gansu
en|CN_Gansu_Dingxi|Dingxi
en|CN_Gansu_Gannan|Gannan
en|CN_Gansu_Jiayuguan|Jiayuguan
en|CN_Gansu_Jinchang|Jinchang
en|CN_Gansu_Jiuquan|Jiuquan
en|CN_Gansu_Lanzhou|Lanzhou
en|CN_Gansu_Linxia|Linxia
en|CN_Gansu_Longnan|Longnan
en|CN_Gansu_Pingliang|Pingliang
en|CN_Gansu_Qingyang|Qingyang
en|CN_Gansu_Silver|Silver
en|CN_Gansu_Tin Shui|Tin Shui
en|CN_Gansu_Wuwei|Wuwei
en|CN_Gansu_Zhangye|Zhangye
en|CN_Guangdong|Guangdong
en|CN_Guangdong_Chaozhou|Chaozhou
en|CN_Guangdong_Dongguan|Dongguan
en|CN_Guangdong_Foshan|Foshan
en|CN_Guangdong_Guangzhou|Guangzhou
en|CN_Guangdong_Heyuan|Heyuan
en|CN_Guangdong_Huizhou|Huizhou
en|CN_Guangdong_Jiangmen|Jiangmen
en|CN_Guangdong_Jieyang|Jieyang
en|CN_Guangdong_Maoming|Maoming
en|CN_Guangdong_Meizhou|Meizhou
en|CN_Guangdong_Qingyuan|Qingyuan
en|CN_Guangdong_Shantou|Shantou
en|CN_Guangdong_Shanwei|Shanwei
en|CN_Guangdong_Shaoguan|Shaoguan
en|CN_Guangdong_Shenzhen|Shenzhen
en|CN_Guangdong_Yangjiang|Yangjiang
en|CN_Guangdong_Yunfu|Yunfu
en|CN_Guangdong_Zhanjiang|Zhanjiang
en|CN_Guangdong_Zhaoqing|Zhaoqing
en|CN_Guangdong_Zhongshan|Zhongshan
en|CN_Guangdong_Zhuhai|Zhuhai
en|CN_Guangxi|Guangxi
en|CN_Guangxi_Baise|Baise
en|CN_Guangxi_Beihai|Beihai
en|CN_Guangxi_Chongzuo|Chongzuo
en|CN_Guangxi_Chow|Chow
en|CN_Guangxi_Fangchenggang|Fangchenggang
en|CN_Guangxi_Guigang|Guigang
en|CN_Guangxi_Guilin|Guilin
en|CN_Guangxi_Hechi|Hechi
en|CN_Guangxi_Hezhou|Hezhou
en|CN_Guangxi_Liuzhou|Liuzhou
en|CN_Guangxi_Nanning|Nanning
en|CN_Guangxi_Wuzhou|Wuzhou
en|CN_Guangxi_Yulin|Yulin
en|CN_Guangxi_guests|guests
en|CN_Guizhou|Guizhou
en|CN_Guizhou_Anshun|Anshun
en|CN_Guizhou_Bijie|Bijie
en|CN_Guizhou_Guiyang|Guiyang
en|CN_Guizhou_Lawrence|Lawrence
en|CN_Guizhou_Liupanshui|Liupanshui
en|CN_Guizhou_South Guizhou|South Guizhou
en|CN_Guizhou_Southeast|Southeast
en|CN_Guizhou_Southwest Guizhou|Southwest Guizhou
en|CN_Guizhou_Tongren|Tongren
en|CN_Hainan|Hainan
en|CN_Hainan_Baoting|Baoting
en|CN_Hainan_Changjiang|Changjiang
en|CN_Hainan_Chengmai|Chengmai
en|CN_Hainan_Danzhou|Danzhou
en|CN_Hainan_East|East
en|CN_Hainan_Fingers|Fingers
en|CN_Hainan_Haikou|Haikou
en|CN_Hainan_Honour|Honour
en|CN_Hainan_Lingshui|Lingshui
en|CN_Hainan_Manning|Manning
en|CN_Hainan_Music East|Music East
en|CN_Hainan_Nansha|Nansha
en|CN_Hainan_Pro High|Pro High
en|CN_Hainan_Qionghai|Qionghai
en|CN_Hainan_Qiongzhong|Qiongzhong
en|CN_Hainan_Sanya|Sanya
en|CN_Hainan_Tunchang|Tunchang
en|CN_Hainan_Wenchang|Wenchang
en|CN_Hainan_White Sands|White Sands
en|CN_Hainan_Xisha|Xisha
en|CN_Hainan_in the sand|in the sand
en|CN_Hebei|Hebei
en|CN_Hebei_Baoding|Baoding
en|CN_Hebei_Cangzhou|Cangzhou
en|CN_Hebei_Chengde|Chengde
en|CN_Hebei_Handan|Handan
en|CN_Hebei_Hengshui|Hengshui
en|CN_Hebei_Langfang|Langfang
en|CN_Hebei_Qinhuangdao|Qinhuangdao
en|CN_Hebei_Shijiazhuang|Shijiazhuang
en|CN_Hebei_Tangshan|Tangshan
en|CN_Hebei_Xingtai|Xingtai
en|CN_Hebei_Zhangjiakou|Zhangjiakou
en|CN_Heilongjiang|Heilongjiang
en|CN_Heilongjiang_Daqing|Daqing
en|CN_Heilongjiang_Harbin|Harbin
en|CN_Heilongjiang_Hegang|Hegang
en|CN_Heilongjiang_Heihe|Heihe
en|CN_Heilongjiang_Jiamusi|Jiamusi
en|CN_Heilongjiang_Jixi|Jixi
en|CN_Heilongjiang_Mountains|Mountains
en|CN_Heilongjiang_Mudanjiang|Mudanjiang
en|CN_Heilongjiang_Qiqihar|Qiqihar
en|CN_Heilongjiang_Qitaihe|Qitaihe
en|CN_Heilongjiang_Shuangyashan|Shuangyashan
en|CN_Heilongjiang_Suihua|Suihua
en|CN_Heilongjiang_Yichun|Yichun
en|CN_Henan|Henan
en|CN_Henan_Anyang|Anyang
en|CN_Henan_Hebi|Hebi
en|CN_Henan_Jiaozuo|Jiaozuo
en|CN_Henan_Jiyuan|Jiyuan
en|CN_Henan_Kaifeng|Kaifeng
en|CN_Henan_Luohe|Luohe
en|CN_Henan_Luoyang|Luoyang
en|CN_Henan_Nanyang|Nanyang
en|CN_Henan_Puyang|Puyang
en|CN_Henan_Sanmenxia|Sanmenxia
en|CN_Henan_Shangqiu|Shangqiu
en|CN_Henan_Xinxiang|Xinxiang
en|CN_Henan_Xinyang|Xinyang
en|CN_Henan_Xuchang|Xuchang
en|CN_Henan_Zhengzhou|Zhengzhou
en|CN_Henan_Zhoukou|Zhoukou
en|CN_Henan_Zhumadian|Zhumadian
en|CN_Henan_mesa|mesa
en|CN_Hong Kong|Hong Kong
en|CN_Hong Kong_Central and Western|Central and Western
en|CN_Hong Kong_Eastern|Eastern
en|CN_Hong Kong_Islands|Islands
en|CN_Hong Kong_Kowloon City|Kowloon City
en|CN_Hong Kong_Kwai Tsing|Kwai Tsing
en|CN_Hong Kong_Kwun Tong|Kwun Tong
en|CN_Hong Kong_North|North
en|CN_Hong Kong_Sai Kung|Sai Kung
en|CN_Hong Kong_Sha Tin|Sha Tin
en|CN_Hong Kong_Sham Shui Po|Sham Shui Po
en|CN_Hong Kong_Southern|Southern
en|CN_Hong Kong_Tai Po|Tai Po
en|CN_Hong Kong_Tsuen Wan|Tsuen Wan
en|CN_Hong Kong_Tuen Mun|Tuen Mun
en|CN_Hong Kong_Wan Chai|Wan Chai
en|CN_Hong Kong_Wong Tai Sin|Wong Tai Sin
en|CN_Hong Kong_Yau Tsim Mong|Yau Tsim Mong
en|CN_Hong Kong_Yuen Long|Yuen Long
en|CN_Hubei|Hubei
en|CN_Hubei_Bristol|Bristol
en|CN_Hubei_Enshi|Enshi
en|CN_Hubei_Ezhou|Ezhou
en|CN_Hubei_Huanggang|Huanggang
en|CN_Hubei_Jingmen|Jingmen
en|CN_Hubei_Jingzhou|Jingzhou
en|CN_Hubei_Qianjiang|Qianjiang
en|CN_Hubei_Shennongjia|Shennongjia
en|CN_Hubei_Shiyan|Shiyan
en|CN_Hubei_Suizhou|Suizhou
en|CN_Hubei_Tianmen|Tianmen
en|CN_Hubei_Wuhan|Wuhan
en|CN_Hubei_Xianning|Xianning
en|CN_Hubei_Xiaogan|Xiaogan
en|CN_Hubei_Yangyang|Yangyang
en|CN_Hubei_Yellowstone|Yellowstone
en|CN_Hubei_Yichang|Yichang
en|CN_Hunan|Hunan
en|CN_Hunan_Changde|Changde
en|CN_Hunan_Changsha|Changsha
en|CN_Hunan_Chenzhou|Chenzhou
en|CN_Hunan_Hengyang|Hengyang
en|CN_Hunan_Huaihua|Huaihua
en|CN_Hunan_Loudi|Loudi
en|CN_Hunan_Shaoyang|Shaoyang
en|CN_Hunan_Xiangtan|Xiangtan
en|CN_Hunan_Xiangxi|Xiangxi
en|CN_Hunan_Yiyang|Yiyang
en|CN_Hunan_Yongzhou|Yongzhou
en|CN_Hunan_Yueyang|Yueyang
en|CN_Hunan_Zhangjiajie|Zhangjiajie
en|CN_Hunan_Zhuzhou|Zhuzhou
en|CN_Inner Mongolia|Inner Mongolia
en|CN_Inner Mongolia_Alxa|Alxa
en|CN_Inner Mongolia_Baotou|Baotou
en|CN_Inner Mongolia_Bayannur|Bayannur
en|CN_Inner Mongolia_Bu|Bu
en|CN_Inner Mongolia_Chifeng|Chifeng
en|CN_Inner Mongolia_Erdos|Erdos
en|CN_Inner Mongolia_Gol|Gol
en|CN_Inner Mongolia_Hohhot|Hohhot
en|CN_Inner Mongolia_Hulunbeier|Hulunbeier
en|CN_Inner Mongolia_Tongliao|Tongliao
en|CN_Inner Mongolia_Wuhai|Wuhai
en|CN_Inner Mongolia_Xing|Xing
en|CN_Jiangsu|Jiangsu
en|CN_Jiangsu_Changzhou|Changzhou
en|CN_Jiangsu_Huai|Huaian
en|CN_Jiangsu_Lianyungang|Lianyungang
en|CN_Jiangsu_Nanjing|Nanjing
en|CN_Jiangsu_Nantong|Nantong
en|CN_Jiangsu_Suqian|Suqian
en|CN_Jiangsu_Suzhou|Suzhou
en|CN_Jiangsu_Taizhou|Taizhou
en|CN_Jiangsu_Wuxi|Wuxi
en|CN_Jiangsu_Xuzhou|Xuzhou
en|CN_Jiangsu_Yancheng|Yancheng
en|CN_Jiangsu_Yangzhou|Yangzhou
en|CN_Jiangsu_Zhenjiang|Zhenjiang
en|CN_Jiangxi|Jiangxi
en|CN_Jiangxi_Fuzhou|Fuzhou
en|CN_Jiangxi_Ganzhou|Ganzhou
en|CN_Jiangxi_Jian|Jian
en|CN_Jiangxi_Jingdezhen|Jingdezhen
en|CN_Jiangxi_Jiujiang|Jiujiang
en|CN_Jiangxi_Nanchang|Nanchang
en|CN_Jiangxi_Pingxiang|Pingxiang
en|CN_Jiangxi_Shangrao|Shangrao
en|CN_Jiangxi_Xinyu|Xinyu
en|CN_Jiangxi_Yichun|Yichun
en|CN_Jiangxi_Yingtan|Yingtan
en|CN_Jilin|Jilin
en|CN_Jilin_Changchun|Changchun
en|CN_Jilin_Jilin|Jilin
en|CN_Jilin_Liaoyuan|Liaoyuan
en|CN_Jilin_Matsubara|Matsubara
en|CN_Jilin_Siping|Siping
en|CN_Jilin_Tonghua|Tonghua
en|CN_Jilin_White City|White City
en|CN_Jilin_White Mountains|White Mountains
en|CN_Jilin_Yanbian|Yanbian
en|CN_Liaoning|Liaoning
en|CN_Liaoning_Anshan|Anshan
en|CN_Liaoning_Benxi|Benxi
en|CN_Liaoning_Chaoyang|Chaoyang
en|CN_Liaoning_Dalian|Dalian
en|CN_Liaoning_Dandong|Dandong
en|CN_Liaoning_Fushun|Fushun
en|CN_Liaoning_Fuxin|Fuxin
en|CN_Liaoning_Huludao|Huludao
en|CN_Liaoning_Jinzhou|Jinzhou
en|CN_Liaoning_Liaoyang|Liaoyang
en|CN_Liaoning_Panjin|Panjin
en|CN_Liaoning_Shenyang|Shenyang
en|CN_Liaoning_Tieling|Tieling
en|CN_Liaoning_Yingkou|Yingkou
en|CN_Macao|Macao
en|CN_Macao_Cathedral|Cathedral
en|CN_Macao_Coloane|Coloane
en|CN_Macao_Fatima|Fatima
en|CN_Macao_St. Anthony|St. Anthony
en|CN_Macao_St. Lawrence|St. Lawrence
en|CN_Macao_St. Lazarus|St. Lazarus
en|CN_Macao_Taipa|Taipa
en|CN_Ningxia|Ningxia
en|CN_Ningxia_Guyuan|Guyuan
en|CN_Ningxia_Shizuishan|Shizuishan
en|CN_Ningxia_Wuzhong|Wuzhong
en|CN_Ningxia_Yinchuan|Yinchuan
en|CN_Ningxia_Zhongwei|Zhongwei
en|CN_Qinghai|Qinghai
en|CN_Qinghai_Guoluo|Guoluo
en|CN_Qinghai_Haidong|Haidong
en|CN_Qinghai_Hainan|Hainan
en|CN_Qinghai_Hercynian|Hercynian
en|CN_Qinghai_Huangnan|Huangnan
en|CN_Qinghai_Xining|Xining
en|CN_Qinghai_Yushu|Yushu
en|CN_Qinghai_rambling|rambling
en|CN_Shaanxi|Shaanxi
en|CN_Shaanxi_Ankang|Ankang
en|CN_Shaanxi_Baoji|Baoji
en|CN_Shaanxi_Hanzhong|Hanzhong
en|CN_Shaanxi_Shangluo|Shangluo
en|CN_Shaanxi_Tongchuan|Tongchuan
en|CN_Shaanxi_Weinan|Weinan
en|CN_Shaanxi_Xi'an|Xi'an
en|CN_Shaanxi_Xianyang|Xianyang
en|CN_Shaanxi_Yanan|Yanan
en|CN_Shaanxi_Yulin|Yulin
en|CN_Shandong|Shandong
en|CN_Shandong_Binzhou|Binzhou
en|CN_Shandong_Dongying|Dongying
en|CN_Shandong_Heze|Heze
en|CN_Shandong_Jinan|Jinan
en|CN_Shandong_Jining|Jining
en|CN_Shandong_Laiwu|Laiwu
en|CN_Shandong_Liaocheng|Liaocheng
en|CN_Shandong_Linyi|Linyi
en|CN_Shandong_Qingdao|Qingdao
en|CN_Shandong_Rizhao|Rizhao
en|CN_Shandong_Taian|Taian
en|CN_Shandong_Texas|Texas
en|CN_Shandong_Weifang|Weifang
en|CN_Shandong_Weihai|Weihai
en|CN_Shandong_Yantai|Yantai
en|CN_Shandong_Zaozhuang|Zaozhuang
en|CN_Shandong_Zibo|Zibo
en|CN_Shanghai|Shanghai
en|CN_Shanghai_Baoshan|Baoshan
en|CN_Shanghai_Changning|Changning
en|CN_Shanghai_Chongming|Chongming
en|CN_Shanghai_Fengxian|Fengxian
en|CN_Shanghai_Hongkou|Hongkou
en|CN_Shanghai_Huangpu|Huangpu
en|CN_Shanghai_Jiading|Jiading
en|CN_Shanghai_Jing|Jing
en|CN_Shanghai_Jinshan|Jinshan
en|CN_Shanghai_Luwan|Luwan
en|CN_Shanghai_Minhang|Minhang
en|CN_Shanghai_Po|Po
en|CN_Shanghai_Pudong New District|Pudong New District
en|CN_Shanghai_Qingpu|Qingpu
en|CN_Shanghai_Songjiang|Songjiang
en|CN_Shanghai_Xuhui|Xuhui
en|CN_Shanghai_Yangpu|Yangpu
en|CN_Shanghai_Zhabei|Zhabei
en|CN_Shanxi|Shanxi
en|CN_Shanxi_Changzhi|Changzhi
en|CN_Shanxi_Datong|Datong
en|CN_Shanxi_Jincheng|Jincheng
en|CN_Shanxi_Jinzhong|Jinzhong
en|CN_Shanxi_Linfen|Linfen
en|CN_Shanxi_Luliang|Luliang
en|CN_Shanxi_Shuozhou|Shuozhou
en|CN_Shanxi_Taiyuan|Taiyuan
en|CN_Shanxi_Xinzhou|Xinzhou
en|CN_Shanxi_Yangquan|Yangquan
en|CN_Shanxi_Yuncheng|Yuncheng
en|CN_Sichuan|Sichuan
en|CN_Sichuan_Aba|Aba
en|CN_Sichuan_Chengdu|Chengdu
en|CN_Sichuan_Deyang|Deyang
en|CN_Sichuan_Florida|Florida
en|CN_Sichuan_Ganzi|Ganzi
en|CN_Sichuan_Guangyuan|Guangyuan
en|CN_Sichuan_Kwong|Kwong
en|CN_Sichuan_Leshan|Leshan
en|CN_Sichuan_Liangshan|Liangshan
en|CN_Sichuan_Luzhou|Luzhou
en|CN_Sichuan_Meishan|Meishan
en|CN_Sichuan_Mianyang|Mianyang
en|CN_Sichuan_Nanchong|Nanchong
en|CN_Sichuan_Neijiang|Neijiang
en|CN_Sichuan_Pakistan|Pakistan
en|CN_Sichuan_Panzhihua|Panzhihua
en|CN_Sichuan_Suining|Suining
en|CN_Sichuan_Yaan|Yaan
en|CN_Sichuan_Yibin|Yibin
en|CN_Sichuan_Zigong|Zigong
en|CN_Sichuan_Ziyang|Ziyang
en|CN_Taiwan|Taiwan
en|CN_Taiwan_Changhua County|Changhua County
en|CN_Taiwan_Chiayi City|Chiayi City
en|CN_Taiwan_Chiayi County|Chiayi County
en|CN_Taiwan_Hsinchu City|Hsinchu City
en|CN_Taiwan_Hsinchu County|Hsinchu County
en|CN_Taiwan_Hualien County|Hualien County
en|CN_Taiwan_Kaohsiung City|Kaohsiung City
en|CN_Taiwan_Keelung City|Keelung City
en|CN_Taiwan_Kinmen County|Kinmen County
en|CN_Taiwan_Lianjiang County|Lianjiang County
en|CN_Taiwan_Miaoli County|Miaoli County
en|CN_Taiwan_Nantou County|Nantou County
en|CN_Taiwan_New Taipei City|New Taipei City
en|CN_Taiwan_Penghu County|Penghu County
en|CN_Taiwan_Pingtung County|Pingtung County
en|CN_Taiwan_Taichung City|Taichung City
en|CN_Taiwan_Tainan City|Tainan City
en|CN_Taiwan_Taipei|Taipei
en|CN_Taiwan_Taitung County|Taitung County
en|CN_Taiwan_Taoyuan County|Taoyuan County
en|CN_Taiwan_Yilan County|Yilan County
en|CN_Taiwan_Yunlin County|Yunlin County
en|CN_Tianjin|Tianjin
en|CN_Tianjin_Baodi|Baodi
en|CN_Tianjin_Binhai New Area|Binhai New Area
en|CN_Tianjin_Hebei|Hebei
en|CN_Tianjin_Jinghai|Jinghai
en|CN_Tianjin_Jinnan|Jinnan
en|CN_Tianjin_Jixian|Jixian
en|CN_Tianjin_Nankai|Nankai
en|CN_Tianjin_Ninghe|Ninghe
en|CN_Tianjin_North Star|North Star
en|CN_Tianjin_Peace|Peace
en|CN_Tianjin_Red Bridge|Red Bridge
en|CN_Tianjin_Toray|Toray
en|CN_Tianjin_West Green|West Green
en|CN_Tianjin_Wuqing|Wuqing
en|CN_Tianjin_east|east
en|CN_Tianjin_west|west
en|CN_Tibet|Tibet
en|CN_Tibet_Ali|Ali
en|CN_Tibet_Lhasa|Lhasa
en|CN_Tibet_Nagqu|Nagqu
en|CN_Tibet_Nyingchi|Nyingchi
en|CN_Tibet_Qamdo|Qamdo
en|CN_Tibet_Shannan|Shannan
en|CN_Tibet_Shigatse|Shigatse
en|CN_Xinjiang|Xinjiang
en|CN_Xinjiang_Aksu|Aksu
en|CN_Xinjiang_Altay|Altay
en|CN_Xinjiang_Arar|Arar
en|CN_Xinjiang_Bayingolin|Bayingolin
en|CN_Xinjiang_Bortala|Bortala
en|CN_Xinjiang_Changji|Changji
en|CN_Xinjiang_Figure wooden Shook|Figure wooden Shook
en|CN_Xinjiang_Hamilton|Hamilton
en|CN_Xinjiang_Hotan|Hotan
en|CN_Xinjiang_Ili|Ili
en|CN_Xinjiang_Karamay|Karamay
en|CN_Xinjiang_Kashgar|Kashgar
en|CN_Xinjiang_Kizilsu|Kizilsu
en|CN_Xinjiang_Shihezi|Shihezi
en|CN_Xinjiang_Tacheng|Tacheng
en|CN_Xinjiang_Turpan|Turpan
en|CN_Xinjiang_Urumqi|Urumqi
en|CN_Xinjiang_Wujiaqu|Wujiaqu
en|CN_Yunnan|Yunnan
en|CN_Yunnan_Baoshan|Baoshan
en|CN_Yunnan_Chuxiong|Chuxiong
en|CN_Yunnan_Dali|Dali
en|CN_Yunnan_Devon|Devon
en|CN_Yunnan_Diqing|Diqing
en|CN_Yunnan_Kunming|Kunming
en|CN_Yunnan_Lijiang|Lijiang
en|CN_Yunnan_Lincang|Lincang
en|CN_Yunnan_Nu|Nu
en|CN_Yunnan_Pu'er|Pu'er
en|CN_Yunnan_Qujing|Qujing
en|CN_Yunnan_Red|Red
en|CN_Yunnan_Wenshan|Wenshan
en|CN_Yunnan_Xishuangbanna|Xishuangbanna
en|CN_Yunnan_Yuxi|Yuxi
en|CN_Yunnan_Zhaotong|Zhaotong
en|CN_Zhejiang|Zhejiang
en|CN_Zhejiang_Hangzhou|Hangzhou
en|CN_Zhejiang_Huzhou|Huzhou
en|CN_Zhejiang_Jiaxing|Jiaxing
en|CN_Zhejiang_Jinhua|Jinhua
en|CN_Zhejiang_Lishui|Lishui
en|CN_Zhejiang_Ningbo|Ningbo
en|CN_Zhejiang_Quzhou|Quzhou
en|CN_Zhejiang_Shaoxing|Shaoxing
en|CN_Zhejiang_Taizhou|Taizhou
en|CN_Zhejiang_Wenzhou|Wenzhou
en|CN_Zhejiang_Zhoushan|Zhoushan
en|AL|Albania
en|DZ|Algeria
en|AD|Andorra
en|AO|Angola
en|AO_Bengo|Bengo
en|AO_Benguela|Benguela
en|AO_Bie|Bie
en|AO_Cabinda|Cabinda
en|AO_Cuando Cubango|Cuando Cubango
en|AO_Cuanza Norte|Cuanza Norte
en|AO_Cuanza Sul|Cuanza Sul
en|AO_Cunene|Cunene
en|AO_Huambo|Huambo
en|AO_Huila|Huila
en|AO_Luanda|Luanda
en|AO_Lunda Norte|Lunda Norte
en|AO_Lunda Sul|Lunda Sul
en|AO_Malanje|Malanje
en|AO_Moxico|Moxico
en|AO_Namibe|Namibe
en|AO_Uige|Uige
en|AO_Zaire|Zaire
en|AG|Antigua and Barbuda
en|AR|Argentina
en|AR_Bahia Blanca|Bahia Blanca
en|AR_Buenos Aires|Buenos Aires
en|AR_Catamarca|Catamarca
en|AR_Comodoro Rivadavia|Comodoro Rivadavia
en|AR_Concordia|Concordia
en|AR_Cordoba|Cordoba
en|AR_Corrientes|Corrientes
en|AR_Formosa|Formosa
en|AR_Jujuy|Jujuy
en|AR_La Plata|La Plata
en|AR_La Rioja|La Rioja
en|AR_Mar del Plata|Mar del Plata
en|AR_Mendoza|Mendoza
en|AR_Neuquen|Neuquen
en|AR_Parana|Parana
en|AR_Posadas|Posadas
en|AR_Rawson|Rawson
en|AR_Resistencia|Resistencia
en|AR_Rio Cuarto|Rio Cuarto
en|AR_Rio Gallegos|Rio Gallegos
en|AR_Rosario|Rosario
en|AR_Salta|Salta
en|AR_San Juan|San Juan
en|AR_San Luis|San Luis
en|AR_San Miguel de Tucuman|San Miguel de Tucuman
en|AR_San Nicolas|San Nicolas
en|AR_San Rafael|San Rafael
en|AR_Santa Fe|Santa Fe
en|AR_Santa Rosa|Santa Rosa
en|AR_Santiago del Estero|Santiago del Estero
en|AR_Trelew|Trelew
en|AR_Ushuaia|Ushuaia
en|AR_Viedma|Viedma
en|AR_Villa Krause|Villa Krause
en|AM|Armenia
en|AW|Aruba
en|AU|Australia
en|AU_Canberra|Canberra
en|AU_New South Wales|New South Wales
en|AU_New South Wales_Newcastle|Newcastle
en|AU_New South Wales_Sydney|Sydney
en|AU_New South Wales_Wollongong|Wollongong
en|AU_Northern Territory|Northern Territory
en|AU_Northern Territory_Darwin|Darwin
en|AU_Northern Territory_Palmerston|Palmerston
en|AU_Queensland|Queensland
en|AU_Queensland_Brisbane|Brisbane
en|AU_Queensland_Cairns|Cairns
en|AU_Queensland_Caloundra|Caloundra
en|AU_Queensland_Gold Coast|Gold Coast
en|AU_Queensland_Toowoomba|Toowoomba
en|AU_Queensland_Townsville|Townsville
en|AU_South Australia|South Australia
en|AU_South Australia_Adelaide|Adelaide
en|AU_South Australia_Mount Gambier|Mount Gambier
en|AU_South Australia_Murray Bridge|Murray Bridge
en|AU_South Australia_Port Augusta|Port Augusta
en|AU_South Australia_Port Lincoln|Port Lincoln
en|AU_South Australia_Port Pirie|Port Pirie
en|AU_South Australia_Victor Harbor|Victor Harbor
en|AU_South Australia_Whyalla|Whyalla
en|AU_Tasmania|Tasmania
en|AU_Tasmania_Burnie|Burnie
en|AU_Tasmania_Devonport|Devonport
en|AU_Tasmania_Hobart|Hobart
en|AU_Tasmania_Launceston|Launceston
en|AU_Victoria|Victoria
en|AU_Victoria_Geelong|Geelong
en|AU_Victoria_Melbourne|Melbourne
en|AU_Western Australia|Western Australia
en|AU_Western Australia_Albany|Albany
en|AU_Western Australia_Bunbury|Bunbury
en|AU_Western Australia_Fremantle|Fremantle
en|AU_Western Australia_Geraldton|Geraldton
en|AU_Western Australia_Kalgoorlie|Kalgoorlie
en|AU_Western Australia_Mandurah|Mandurah
en|AU_Western Australia_Perth|Perth
en|AT|Austria
en|AT_Burgenland|Burgenland
en|AT_Carinthia|Carinthia
en|AT_Lower Austria|Lower Austria
en|AT_Salzburg|Salzburg
en|AT_Styria|Styria
en|AT_Tyrol|Tyrol
en|AT_Upper Austria|Upper Austria
en|AT_Vienna|Vienna
en|AT_Vorarlberg|Vorarlberg
en|AZ|Azerbaijan
en|BS|Bahamas
en|BH|Bahrain
en|BD|Bangladesh
en|BB|Barbados
en|BE|Belgium
en|BJ|Benin
en|BM|Bermuda
en|BT|Bhutan
en|BO|Bolivia
en|BW|Botswana
en|BR|Brazil
en|BR_Acre|Acre
en|BR_Alagoas|Alagoas
en|BR_Amapa|Amapa
en|BR_Amazonas|Amazonas
en|BR_Bahia|Bahia
en|BR_Brasilia|Brasilia
en|BR_Ceara|Ceara
en|BR_Espirito Santo|Espirito Santo
en|BR_Goias|Goias
en|BR_Maranhao|Maranhao
en|BR_Mato Grosso|Mato Grosso
en|BR_Mato Grosso do Sul|Mato Grosso do Sul
en|BR_Minas Gerais|Minas Gerais
en|BR_Para|Para
en|BR_Paraiba|Paraiba
en|BR_Parana|Parana
en|BR_Pernambuco|Pernambuco
en|BR_Piaui|Piaui
en|BR_Rio Grande do Norte|Rio Grande do Norte
en|BR_Rio Grande do Sul|Rio Grande do Sul
en|BR_Rio de Janeiro|Rio de Janeiro
en|BR_Rondonia|Rondonia
en|BR_Roraima|Roraima
en|BR_Santa Catarina|Santa Catarina
en|BR_Sao Paulo|Sao Paulo
en|BR_Sergipe|Sergipe
en|BR_Tocantins|Tocantins
en|BN|Brunei
en|BG|Bulgaria
en|BI|Burundi
en|KH|Cambodia
en|KH_Banteay Mean Chey|Banteay Mean Chey
en|KH_Bat Dambang|Bat Dambang
en|KH_Kampong Cham|Kampong Cham
en|KH_Kampong Chhnang|Kampong Chhnang
en|KH_Kampong Spoe|Kampong Spoe
en|KH_Kampong Thum|Kampong Thum
en|KH_Kampot|Kampot
en|KH_Kandal|Kandal
en|KH_Kaoh Kong|Kaoh Kong
en|KH_Kracheh|Kracheh
en|KH_Krong Keb|Krong Keb
en|KH_Krong Pailin|Krong Pailin
en|KH_Krong Preah|Krong Preah
en|KH_Mondol Kiri|Mondol Kiri
en|KH_Otdar Mean Chey|Otdar  Mean  Chey
en|KH_Phnum Penh|Phnum Penh
en|KH_Pouth sat|Pouth  sat
en|KH_Preah Vihear|Preah Vihear
en|KH_Prey Veng|Prey Veng
en|KH_Rotanak Kiri|Rotanak Kiri
en|KH_Siem Reab|Siem Reab
en|KH_Stoeng Treng|Stoeng Treng
en|KH_Svay Rieng|Svay Rieng
en|KH_Takev|Takev
en|CM|Cameroon
en|CA|Canada
en|CA_Abbotsford|Abbotsford
en|CA_Barrie|Barrie
en|CA_Brampton|Brampton
en|CA_Calgary|Calgary
en|CA_Cape Breton|Cape Breton
en|CA_Charlottetown|Charlottetown
en|CA_Edmonton|Edmonton
en|CA_Fredericton|Fredericton
en|CA_Guelph|Guelph
en|CA_Halifax|Halifax
en|CA_Hamilton|Hamilton
en|CA_Iqaluit|Iqaluit
en|CA_Kelowna|Kelowna
en|CA_Kingston|Kingston
en|CA_London|London
en|CA_Montreal|Montreal
en|CA_Oshawa|Oshawa
en|CA_Ottawa|Ottawa
en|CA_Quebec|Quebec
en|CA_Regina|Regina
en|CA_Saint-John's|Saint-John's
en|CA_Saskatoon|Saskatoon
en|CA_Sherbrooke|Sherbrooke
en|CA_St. Catharines|St. Catharines
en|CA_Sudbury|Sudbury
en|CA_Thunder Bay|Thunder Bay
en|CA_Toronto|Toronto
en|CA_Trois-Rivieres|Trois-Rivieres
en|CA_Vancouver|Vancouver
en|CA_Victoria|Victoria
en|CA_Whitehorse|Whitehorse
en|CA_Windsor|Windsor
en|CA_Winnipeg|Winnipeg
en|CA_Yellowknife|Yellowknife
en|KY|Cayman Islands
en|CF|Central African Republic
en|CL|Chile
en|CO|Columbia
en|CG|Congo(DRC)
en|CR|Costa Rica
en|HR|Croatia
en|CU|Cuba
en|CZ|Czech Republic
en|DK|Denmark
en|DJ|Djibouti
en|DO|Dominican Republic
en|EC|Ecuador
en|EG|Egypt
en|ER|Eritrea
en|ET|Ethiopia
en|FJ|Fiji Islands
en|FI|Finland
en|FR|France
en|FR_Aix-en-Provence|Aix-en-Provence
en|FR_Ajaccio|Ajaccio
en|FR_Amiens|Amiens
en|FR_Arles|Arles
en|FR_Besancon|Besancon
en|FR_Caen|Caen
en|FR_Chalons-en-Champagne|Chalons-en-Champagne
en|FR_Dijon|Dijon
en|FR_Frejus|Fréjus
en|FR_Lille|Lille
en|FR_Limoges|Limoges
en|FR_Lyon|Lyon
en|FR_Marseille|Marseille
en|FR_Metz|Metz
en|FR_Montpellier|Montpellier
en|FR_Nantes|Nantes
en|FR_Nice|Nice
en|FR_Orleans|Orleans
en|FR_Paris|Paris
en|FR_Rennes|Rennes
en|FR_Rouen|Rouen
en|FR_Toulouse|Toulouse
en|FR_Valence|Valence
en|GM|Gambia
en|GE|Georgia
en|DE|Germany
en|DE_Ansbach|Ansbach
en|DE_Arnsberg|Arnsberg
en|DE_Augsburg|Augsburg
en|DE_Bayreuth|Bayreuth
en|DE_Berlin|Berlin
en|DE_Bielefeld|Bielefeld
en|DE_Bochum|Bochum
en|DE_Bremen|Bremen
en|DE_Brunswick|Brunswick
en|DE_Chemnitz|Chemnitz
en|DE_Cologne|Cologne
en|DE_Darmstadt|Darmstadt
en|DE_Dessau|Dessau
en|DE_Detmold|Detmold
en|DE_Dresden|Dresden
en|DE_Dusseldorf|Dusseldorf
en|DE_Erfurt|Erfurt
en|DE_Frankfurt|Frankfurt
en|DE_Freiburg|Freiburg
en|DE_GieBen|GieBen
en|DE_Halle|Halle
en|DE_Hamburg|Hamburg
en|DE_Hannover|Hannover
en|DE_Karlsruhe|Karlsruhe
en|DE_Kassel|Kassel
en|DE_Kiel|Kiel
en|DE_Koblenz|Koblenz
en|DE_Landshut|Landshut
en|DE_Leipzig|Leipzig
en|DE_Luneburg|Luneburg
en|DE_Magdeburg|Magdeburg
en|DE_Mainz|Mainz
en|DE_Mannheim|Mannheim
en|DE_Muenster|Muenster
en|DE_Munich|Munich
en|DE_Nuremberg|Nuremberg
en|DE_Potsdam|Potsdam
en|DE_Schwerin|Schwerin
en|DE_Stuttgart|Stuttgart
en|DE_Trier|Trier
en|DE_Wiesbaden|Wiesbaden
en|DE_Wuerzburg|Wuerzburg
en|GH|Ghana
en|GI|Gibraltar
en|GR|Greece
en|GL|Greenland
en|GD|Grenada
en|GU|Guam
en|GT|Guatemala
en|GG|Guernsey
en|HT|Haiti
en|HN|Honduras
en|HU|Hungary
en|HU_Bacs-Kiskun|Bacs-Kiskun
en|HU_Baranya|Baranya
en|HU_Bekes|Bekes
en|HU_Borsod-Abauj-Zemplen|Borsod-Abauj-Zemplen
en|HU_Budapest|Budapest
en|HU_Csongrad|Csongrad
en|HU_Fejer|Fejer
en|HU_Gyor-Moson-Sopron|Gyor-Moson-Sopron
en|HU_Hajdu-Bihar|Hajdú-Bihar
en|HU_Heves|Heves
en|HU_Jasz-Nagykun-Szolnok|Jasz-Nagykun-Szolnok
en|HU_Komarom-Esztergom|Komarom-Esztergom
en|HU_Nograd|Nograd
en|HU_Pest|Pest
en|HU_Somogy|Somogy
en|HU_Szabolcs-Szatmar-Bereg|Szabolcs-Szatmar-Bereg
en|HU_Tolna|Tolna
en|HU_Vas|Vas
en|HU_Veszprem|Veszprem
en|HU_Zala|Zala
en|IS|Iceland
en|IN|India
en|IN_Agartala|Agartala
en|IN_Agra|Agra
en|IN_Ahmedabad|Ahmedabad
en|IN_Aizawl|Aizawl
en|IN_Aligarh|Aligarh
en|IN_Allahabad|Allahabad
en|IN_Amritsar|Amritsar
en|IN_Aurangabad|Aurangabad
en|IN_Bangalore|Bangalore
en|IN_Baroda|Baroda
en|IN_Bhopal|Bhopal
en|IN_Bhubaneswar|Bhubaneswar
en|IN_Bokaro|Bokaro
en|IN_Chandigarh|Chandigarh
en|IN_Chennai|Chennai
en|IN_Cochin|Cochin
en|IN_Coimbatore|Coimbatore
en|IN_Cuttack|Cuttack
en|IN_Dehradun|Dehradun
en|IN_Dimapur|Dimapur
en|IN_Durgapur|Durgapur
en|IN_Faridabad|Faridabad
en|IN_Gandhinagar|Gandhinagar
en|IN_Ghaziabad|Ghaziabad
en|IN_Goa|Goa
en|IN_Gurgaon|Gurgaon
en|IN_Guwahati|Guwahati
en|IN_Gwalior|Gwalior
en|IN_Hyderabad|Hyderabad
en|IN_Imphal|Imphal
en|IN_Indore|Indore
en|IN_Jabalpur|Jabalpur
en|IN_Jaipur|Jaipur
en|IN_Jammu|Jammu
en|IN_Jamnagar|Jamnagar
en|IN_Jamshedpur|Jamshedpur
en|IN_Jodhpur|Jodhpur
en|IN_Jullundhar|Jullundhar
en|IN_Kanpur|Kanpur
en|IN_Kolhapur|Kolhapur
en|IN_Kolkata|Kolkata
en|IN_Lucknow|Lucknow
en|IN_Ludhiana|Ludhiana
en|IN_Madurai|Madurai
en|IN_Mangalore|Mangalore
en|IN_Margao|Margao
en|IN_Mumbai|Mumbai
en|IN_Mysore|Mysore
en|IN_Nagpur|Nagpur
en|IN_Nasik|Nasik
en|IN_New Delhi|New Delhi
en|IN_Noida|Noida
en|IN_Panjim|Panjim
en|IN_Patna|Patna
en|IN_Pondicherry|Pondicherry
en|IN_Pune|Pune
en|IN_Raipur|Raipur
en|IN_Rajkot|Rajkot
en|IN_Ranchi|Ranchi
en|IN_Rourkela|Rourkela
en|IN_Salem|Salem
en|IN_Secunderabad|Secunderabad
en|IN_Shillong|Shillong
en|IN_Siliguri|Siliguri
en|IN_Srinagar|Srinagar
en|IN_Sura|Sura
en|IN_Thane|Thane
en|IN_Thiruvananthapuram|Thiruvananthapuram
en|IN_Tiruchirappalli|Tiruchirappalli
en|IN_Udaipur|Udaipur
en|IN_Varanasi|Varanasi
en|IN_Vellore|Vellore
en|IN_Vijayawada|Vijayawada
en|IN_Visakhapatnam|Visakhapatnam
en|ID|Indonesia
en|ID_Aceh|Aceh
en|ID_Bali|Bali
en|ID_Banten|Banten
en|ID_Bengkulu|Bengkulu
en|ID_Daerah Istimewa Yogyakarta|Daerah Istimewa Yogyakarta
en|ID_Daerah Tingkat I Kalimantan Barat|Daerah Tingkat I Kalimantan Barat
en|ID_Irian Jaya|Irian Jaya
en|ID_Jakarta Raya|Jakarta Raya
en|ID_Jambi|Jambi
en|ID_Java Barat|Java Barat
en|ID_Java Tengah|Java Tengah
en|ID_Java Timur|Java Timur
en|ID_Kalimantan Selatan|Kalimantan Selatan
en|ID_Kalimantan Tengah|Kalimantan Tengah
en|ID_Kalimantan Timur|Kalimantan Timur
en|ID_Kepulauan Bangka Belitung|Kepulauan Bangka Belitung
en|ID_Lampung|Lampung
en|ID_Maluku|Maluku
en|ID_Nusa Tenggara Barat|Nusa Tenggara Barat
en|ID_Nusa Tenggara Timur|Nusa Tenggara Timur
en|ID_Riau|Riau
en|ID_Sulawesi Selatan|Sulawesi Selatan
en|ID_Sulawesi Tengah|Sulawesi Tengah
en|ID_Sulawesi Tenggara|Sulawesi Tenggara
en|ID_Sulawesi Utara|Sulawesi Utara
en|ID_Sumatera Barat|Sumatera Barat
en|ID_Sumatera Selatan|Sumatera Selatan
en|ID_Sumatera Utara|Sumatera Utara
en|IR|Iran
en|IQ|Iraq
en|IE|Ireland
en|IE_Carlow|Carlow
en|IE_Cavan|Cavan
en|IE_Clare|Clare
en|IE_Cork|Cork
en|IE_Donegal|Donegal
en|IE_Dublin|Dublin
en|IE_Galway|Galway
en|IE_Kerry|Kerry
en|IE_Kildare|Kildare
en|IE_Kilkenny|Kilkenny
en|IE_Laois|Laois
en|IE_Leitrim|Leitrim
en|IE_Limerick|Limerick
en|IE_Longford|Longford
en|IE_Louth|Louth
en|IE_Mayo|Mayo
en|IE_Meath|Meath
en|IE_Monaghan|Monaghan
en|IE_Offaly|Offaly
en|IE_Roscommon|Roscommon
en|IE_Sligo|Sligo
en|IE_Tipperary|Tipperary
en|IE_Waterford|Waterford
en|IE_Westmeath|Westmeath
en|IE_Wexford|Wexford
en|IE_Wicklow|Wicklow
en|IL|Israel
en|IT|Italy
en|IT_Alessandria|Alessandria
en|IT_Ancona|Ancona
en|IT_Aosta|Aosta
en|IT_Ascoli Piceno|Ascoli Piceno
en|IT_Asti|Asti
en|IT_Bari|Bari
en|IT_Benevento|Benevento
en|IT_Bergamo|Bergamo
en|IT_Biella|Biella
en|IT_Bologna|Bologna
en|IT_Brescia|Brescia
en|IT_Brindisi|Brindisi
en|IT_Cagliari|Cagliari
en|IT_Campobasso|Campobasso
en|IT_Caserta|Caserta
en|IT_Catania|Catania
en|IT_Catanzaro|Catanzaro
en|IT_Como|Como
en|IT_Cosenza|Cosenza
en|IT_Crotone|Crotone
en|IT_Cuneo|Cuneo
en|IT_Ferrara|Ferrara
en|IT_Firenze|Firenze
en|IT_Foggia|Foggia
en|IT_Genova|Genova
en|IT_Isernia|Isernia
en|IT_L'Aquila|L'Aquila
en|IT_La Spezia|La Spezia
en|IT_Lecce|Lecce
en|IT_Lecco|Lecco
en|IT_Livorno|Livorno
en|IT_Massa-Carrara|Massa-Carrara
en|IT_Matera|Matera
en|IT_Messina|Messina
en|IT_Milano|Milano
en|IT_Modena|Modena
en|IT_Monza e Brianza|Monza e Brianza
en|IT_Naples|Naples
en|IT_Novara|Novara
en|IT_Nuoro|Nuoro
en|IT_Olbia-Tempio|Olbia-Tempio
en|IT_Oristano|Oristano
en|IT_Palermo|Palermo
en|IT_Parma|Parma
en|IT_Pavia|Pavia
en|IT_Perugia|Perugia
en|IT_Pisa|Pisa
en|IT_Pordenone|Pordenone
en|IT_Potenza|Potenza
en|IT_Reggio Calabria|Reggio Calabria
en|IT_Reggio Emilia|Reggio Emilia
en|IT_Roma|Roma
en|IT_Salerno|Salerno
en|IT_Sassari|Sassari
en|IT_Savona|Savona
en|IT_Siena|Siena
en|IT_Syracuse|Syracuse
en|IT_Taranto|Taranto
en|IT_Trapani|Trapani
en|IT_Trento|Trento
en|IT_Trieste|Trieste
en|IT_Turin|Turin
en|IT_Udine|Udine
en|IT_Venice|Venice
en|IT_Vercelli|Vercelli
en|IT_Viterbo|Viterbo
en|JM|Jamaica
en|JP|Japan
en|JP_Aichi|Aichi
en|JP_Akita|Akita
en|JP_Aomori|Aomori
en|JP_Chiba|Chiba
en|JP_Ehime|Ehime
en|JP_Fukui|Fukui
en|JP_Fukuoka|Fukuoka
en|JP_Fukushima|Fukushima
en|JP_Gifu|Gifu
en|JP_Gunma|Gunma
en|JP_Hiroshima|Hiroshima
en|JP_Hokkaido|Hokkaido
en|JP_Hyogo|Hyogo
en|JP_Ibaraki|Ibaraki
en|JP_Ishikawa|Ishikawa
en|JP_Iwate|Iwate
en|JP_Kagawa|Kagawa
en|JP_Kagoshima|Kagoshima
en|JP_Kanagawa|Kanagawa
en|JP_Kochi|Kochi
en|JP_Kumamoto|Kumamoto
en|JP_Kyoto|Kyoto
en|JP_Mie|Mie
en|JP_Miyagi|Miyagi
en|JP_Miyazaki|Miyazaki
en|JP_Nagano|Nagano
en|JP_Nagasaki|Nagasaki
en|JP_Nara|Nara
en|JP_Niigata|Niigata
en|JP_Oita|Oita
en|JP_Okayama|Okayama
en|JP_Okinawa|Okinawa
en|JP_Osaka|Osaka
en|JP_Saga|Saga
en|JP_Saitama|Saitama
en|JP_Shiga|Shiga
en|JP_Shimane|Shimane
en|JP_Shizuoka|Shizuoka
en|JP_Tochigi|Tochigi
en|JP_Tokushima|Tokushima
en|JP_Tokyo|Tokyo
en|JP_Tottori|Tottori
en|JP_Toyama|Toyama
en|JP_Wakayama|Wakayama
en|JP_Yamagata|Yamagata
en|JP_Yamaguchi|Yamaguchi
en|JP_Yamanashi|Yamanashi
en|JE|Jersey
en|JO|Jordan
en|KZ|Kazakhstan
en|KE|Kenya
en|KI|Kiribati
en|KR|Korea
en|KR_Busan|Busan
en|KR_Chungcheongbuk-do|Chungcheongbuk-do
en|KR_Chungcheongbuk-do_Andong|Andong
en|KR_Chungcheongbuk-do_Bonghwa County|Bonghwa County
en|KR_Chungcheongbuk-do_Cheongdo County|Cheongdo County
en|KR_Chungcheongbuk-do_Cheongsong County|Cheongsong County
en|KR_Chungcheongbuk-do_Chilgok County|Chilgok County
en|KR_Chungcheongbuk-do_Gimcheon|Gimcheon
en|KR_Chungcheongbuk-do_Goryeong County|Goryeong County
en|KR_Chungcheongbuk-do_Gumi|Gumi
en|KR_Chungcheongbuk-do_Gunwi County|Gunwi County
en|KR_Chungcheongbuk-do_Gyeongju|Gyeongju
en|KR_Chungcheongbuk-do_Gyeongsan|Gyeongsan
en|KR_Chungcheongbuk-do_Mungyeong|Mungyeong
en|KR_Chungcheongbuk-do_Pohang|Pohang
en|KR_Chungcheongbuk-do_Sangju|Sangju
en|KR_Chungcheongbuk-do_Seongju County|Seongju County
en|KR_Chungcheongbuk-do_Uiseong County|Uiseong County
en|KR_Chungcheongbuk-do_Uljin County|Uljin County
en|KR_Chungcheongbuk-do_Ulleung County|Ulleung County
en|KR_Chungcheongbuk-do_Yecheon County|Yecheon County
en|KR_Chungcheongbuk-do_Yeongcheon|Yeongcheon
en|KR_Chungcheongbuk-do_Yeongdeok County|Yeongdeok County
en|KR_Chungcheongbuk-do_Yeongju|Yeongju
en|KR_Chungcheongbuk-do_Yeongyang County|Yeongyang County
en|KR_Chungcheongnam-do|Chungcheongnam-do
en|KR_Chungcheongnam-do_Changnyeong County|Changnyeong County
en|KR_Chungcheongnam-do_Changwon|Changwon
en|KR_Chungcheongnam-do_Geochang County|Geochang County
en|KR_Chungcheongnam-do_Geoje|Geoje
en|KR_Chungcheongnam-do_Gimhae|Gimhae
en|KR_Chungcheongnam-do_Goseong County|Goseong County
en|KR_Chungcheongnam-do_Hadong County|Hadong County
en|KR_Chungcheongnam-do_Haman County|Haman County
en|KR_Chungcheongnam-do_Hamyang County|Hamyang County
en|KR_Chungcheongnam-do_Hapcheon County|Hapcheon County
en|KR_Chungcheongnam-do_Jinhae|Jinhae
en|KR_Chungcheongnam-do_Jinju|Jinju
en|KR_Chungcheongnam-do_Masan|Masan
en|KR_Chungcheongnam-do_Miryang|Miryang
en|KR_Chungcheongnam-do_Namhae County|Namhae County
en|KR_Chungcheongnam-do_Sacheon|Sacheon
en|KR_Chungcheongnam-do_Sancheong County|Sancheong County
en|KR_Chungcheongnam-do_Tongyeong|Tongyeong
en|KR_Chungcheongnam-do_Uiryeong County|Uiryeong County
en|KR_Chungcheongnam-do_Yangsan|Yangsan
en|KR_Daegu|Daegu
en|KR_Daegu_Daegu|Daegu
en|KR_Daegu_Dalseong-gun|Dalseong-gun
en|KR_Daegu_Suseong-gu|Suseong-gu
en|KR_Daejeon|Daejeon
en|KR_Gangwon-do|Gangwon-do
en|KR_Gangwon-do_Cheorwon County|Cheorwon County
en|KR_Gangwon-do_Chuncheon|Chuncheon
en|KR_Gangwon-do_Donghae|Donghae
en|KR_Gangwon-do_Gangneung|Gangneung
en|KR_Gangwon-do_Goseong County|Goseong County
en|KR_Gangwon-do_Hoengseong County|Hoengseong County
en|KR_Gangwon-do_Hongcheon County|Hongcheon County
en|KR_Gangwon-do_Hwacheon County|Hwacheon County
en|KR_Gangwon-do_Inje County|Inje County
en|KR_Gangwon-do_Jeongseon County|Jeongseon County
en|KR_Gangwon-do_Pyeongchang County|Pyeongchang County
en|KR_Gangwon-do_Samcheok|Samcheok
en|KR_Gangwon-do_Sokcho|Sokcho
en|KR_Gangwon-do_Taebaek|Taebaek
en|KR_Gangwon-do_Wonju|Wonju
en|KR_Gangwon-do_Yanggu County|Yanggu County
en|KR_Gangwon-do_Yangyang County|Yangyang County
en|KR_Gangwon-do_Yeongwol County|Yeongwol County
en|KR_Gwangju|Gwangju
en|KR_Gyeonggi-do|Gyeonggi-do
en|KR_Gyeongsangbuk-do|Gyeongsangbuk-do
en|KR_Gyeongsangbuk-do_Buan County|Buan County
en|KR_Gyeongsangbuk-do_Gimje|Gimje
en|KR_Gyeongsangbuk-do_Gochang County|Gochang County
en|KR_Gyeongsangbuk-do_Gunsan|Gunsan
en|KR_Gyeongsangbuk-do_Iksan|Iksan
en|KR_Gyeongsangbuk-do_Imsil County|Imsil County
en|KR_Gyeongsangbuk-do_Jangsu County|Jangsu County
en|KR_Gyeongsangbuk-do_Jeongeup|Jeongeup
en|KR_Gyeongsangbuk-do_Jeonju|Jeonju
en|KR_Gyeongsangbuk-do_Jinan County|Jinan County
en|KR_Gyeongsangbuk-do_Muju County|Muju County
en|KR_Gyeongsangbuk-do_Namwon|Namwon
en|KR_Gyeongsangbuk-do_Sunchang County|Sunchang County
en|KR_Gyeongsangbuk-do_Wanju County|Wanju County
en|KR_Gyeongsangnam-do|Gyeongsangnam-do
en|KR_Gyeongsangnam-do_Boseong County|Boseong County
en|KR_Gyeongsangnam-do_Damyang County|Damyang County
en|KR_Gyeongsangnam-do_Gangjin County|Gangjin County
en|KR_Gyeongsangnam-do_Goheung County|Goheung County
en|KR_Gyeongsangnam-do_Gokseong County|Gokseong County
en|KR_Gyeongsangnam-do_Gurye County|Gurye County
en|KR_Gyeongsangnam-do_Gwangyang|Gwangyang
en|KR_Gyeongsangnam-do_Haenam County|Haenam County
en|KR_Gyeongsangnam-do_Hampyeong County|Hampyeong County
en|KR_Gyeongsangnam-do_Hwasun County|Hwasun County
en|KR_Gyeongsangnam-do_Jangheung County|Jangheung County
en|KR_Gyeongsangnam-do_Jangseong County|Jangseong County
en|KR_Gyeongsangnam-do_Jindo County|Jindo County
en|KR_Gyeongsangnam-do_Mokpo|Mokpo
en|KR_Gyeongsangnam-do_Muan County|Muan County
en|KR_Gyeongsangnam-do_Naju|Naju
en|KR_Gyeongsangnam-do_Sinan County|Sinan County
en|KR_Gyeongsangnam-do_Suncheon|Suncheon
en|KR_Gyeongsangnam-do_Wando County|Wando County
en|KR_Gyeongsangnam-do_Yeongam County|Yeongam County
en|KR_Gyeongsangnam-do_Yeonggwang County|Yeonggwang County
en|KR_Gyeongsangnam-do_Yeosu|Yeosu
en|KR_Incheon|Incheon
en|KR_Jeju-do|Jeju-do
en|KR_Jeju-do_Ansan|Ansan
en|KR_Jeju-do_Anseong|Anseong
en|KR_Jeju-do_Anyang|Anyang
en|KR_Jeju-do_Bucheon|Bucheon
en|KR_Jeju-do_Dongducheon|Dongducheon
en|KR_Jeju-do_Gapyeong County|Gapyeong County
en|KR_Jeju-do_Gimpo|Gimpo
en|KR_Jeju-do_Goyang|Goyang
en|KR_Jeju-do_Gunpo|Gunpo
en|KR_Jeju-do_Guri|Guri
en|KR_Jeju-do_Gwacheon|Gwacheon
en|KR_Jeju-do_Gwangju|Gwangju
en|KR_Jeju-do_Gwangmyeong|Gwangmyeong
en|KR_Jeju-do_Hanam|Hanam
en|KR_Jeju-do_Hwaseong|Hwaseong
en|KR_Jeju-do_Icheon|Icheon
en|KR_Jeju-do_Namyangju|Namyangju
en|KR_Jeju-do_Osan|Osan
en|KR_Jeju-do_Paju|Paju
en|KR_Jeju-do_Pocheon|Pocheon
en|KR_Jeju-do_Pyeongtaek|Pyeongtaek
en|KR_Jeju-do_Seongnam|Seongnam
en|KR_Jeju-do_Siheung|Siheung
en|KR_Jeju-do_Suwon|Suwon
en|KR_Jeju-do_Uijeongbu|Uijeongbu
en|KR_Jeju-do_Uiwang|Uiwang
en|KR_Jeju-do_Yangju|Yangju
en|KR_Jeju-do_Yangpyeong County|Yangpyeong County
en|KR_Jeju-do_Yeoju County|Yeoju County
en|KR_Jeju-do_Yeoncheon County|Yeoncheon County
en|KR_Jeju-do_Yongin|Yongin
en|KR_Jeollabuk-do|Jeollabuk-do
en|KR_Jeollabuk-do_Boeun County|Boeun County
en|KR_Jeollabuk-do_Cheongju|Cheongju
en|KR_Jeollabuk-do_Cheongwon County|Cheongwon County
en|KR_Jeollabuk-do_Chungju|Chungju
en|KR_Jeollabuk-do_Danyang County|Danyang County
en|KR_Jeollabuk-do_Eumseong County|Eumseong County
en|KR_Jeollabuk-do_Goesan County|Goesan County
en|KR_Jeollabuk-do_Jecheon|Jecheon
en|KR_Jeollabuk-do_Jeungpyeong County|Jeungpyeong County
en|KR_Jeollabuk-do_Jincheon County|Jincheon County
en|KR_Jeollabuk-do_Okcheon County|Okcheon County
en|KR_Jeollabuk-do_Yeongdong County|Yeongdong County
en|KR_Jeollanam-do|Jeollanam-do
en|KR_Jeollanam-do_Asan|Asan
en|KR_Jeollanam-do_Boryeong|Boryeong
en|KR_Jeollanam-do_Buyeo County|Buyeo County
en|KR_Jeollanam-do_Cheonan|Cheonan
en|KR_Jeollanam-do_Cheongyang County|Cheongyang County
en|KR_Jeollanam-do_Dangjin County|Dangjin County
en|KR_Jeollanam-do_Geumsan County|Geumsan County
en|KR_Jeollanam-do_Gongju|Gongju
en|KR_Jeollanam-do_Gyeryong|Gyeryong
en|KR_Jeollanam-do_Hongseong County|Hongseong County
en|KR_Jeollanam-do_Nonsan|Nonsan
en|KR_Jeollanam-do_Seocheon County|Seocheon County
en|KR_Jeollanam-do_Seosan|Seosan
en|KR_Jeollanam-do_Taean County|Taean County
en|KR_Jeollanam-do_Yeongi County|Yeongi County
en|KR_Jeollanam-do_Yesan County|Yesan County
en|KR_Seoul|Seoul
en|KR_Ulsan|Ulsan
en|KW|Kuwait
en|KG|Kyrgyzstan
en|LA|Laos
en|LV|Latvia
en|LB|Lebanon
en|LS|Lesotho
en|LR|Liberia
en|LY|Libya
en|LI|Liechtenstein
en|LU|Luxembourg
en|MK|Macedonia
en|MG|Madagascar
en|MW|Malawi
en|MY|Malaysia
en|MY_Johor|Johor
en|MY_Johor_Batu Pahat|Batu Pahat
en|MY_Johor_Johor Bahru|Johor Bahru
en|MY_Johor_Kluang|Kluang
en|MY_Johor_Kota Tinggi|Kota Tinggi
en|MY_Johor_Mersing|Mersing
en|MY_Johor_Muar|Muar
en|MY_Johor_Pontian|Pontian
en|MY_Johor_Segamat|Segamat
en|MY_Kedah|Kedah
en|MY_Kedah_Baling|Baling
en|MY_Kedah_Bandar Baharu|Bandar Baharu
en|MY_Kedah_Kota Setar|Kota Setar
en|MY_Kedah_Kuala Muda|Kuala Muda
en|MY_Kedah_Kubang Pasu|Kubang Pasu
en|MY_Kedah_Kulim|Kulim
en|MY_Kedah_Langkawi|Langkawi
en|MY_Kedah_Padang Terap|Padang Terap
en|MY_Kedah_Pendang|Pendang
en|MY_Kelantan|Kelantan
en|MY_Kelantan_Bachok|Bachok
en|MY_Kelantan_Gua Musang|Gua Musang
en|MY_Kelantan_Jeli|Jeli
en|MY_Kelantan_Kota Bharu|Kota Bharu
en|MY_Kelantan_Kuala Krai|Kuala Krai
en|MY_Kelantan_Machang|Machang
en|MY_Kelantan_Pasir Mas|Pasir Mas
en|MY_Kelantan_Pasir Putih|Pasir Putih
en|MY_Kelantan_Tanah Merah|Tanah Merah
en|MY_Kelantan_Tumpat|Tumpat
en|MY_Kuala Lumpur|Kuala Lumpur
en|MY_Kuala Lumpur_Kuala Lumpur|Kuala Lumpur
en|MY_Labuan|Labuan
en|MY_Labuan_Labuan|Labuan
en|MY_Labuan_Victoria|Victoria
en|MY_Malacca|Malacca
en|MY_Malacca_Alor Gajah|Alor Gajah
en|MY_Malacca_Jasin|Jasin
en|MY_Malacca_Melaka|Melaka
en|MY_Negeri Sembilan|Negeri Sembilan
en|MY_Negeri Sembilan_Jelebu|Jelebu
en|MY_Negeri Sembilan_Jempol|Jempol
en|MY_Negeri Sembilan_Kuala Pilah|Kuala Pilah
en|MY_Negeri Sembilan_Port Dickson|Port Dickson
en|MY_Negeri Sembilan_Rembau|Rembau
en|MY_Negeri Sembilan_Seremban|Seremban
en|MY_Negeri Sembilan_Tampin|Tampin
en|MY_Pahang|Pahang
en|MY_Pahang_Bentong|Bentong
en|MY_Pahang_Bera|Bera
en|MY_Pahang_Cameron Highlands|Cameron Highlands
en|MY_Pahang_Jerantut|Jerantut
en|MY_Pahang_Kuala Lipis|Kuala Lipis
en|MY_Pahang_Kuantan|Kuantan
en|MY_Pahang_Maran|Maran
en|MY_Pahang_Pekan|Pekan
en|MY_Pahang_Raub|Raub
en|MY_Pahang_Rompin|Rompin
en|MY_Pahang_Temerloh|Temerloh
en|MY_Perak|Perak
en|MY_Perak_Batu Gajah|Batu Gajah
en|MY_Perak_Ipoh|Ipoh
en|MY_Perak_Kuala Kangsar|Kuala Kangsar
en|MY_Perak_Lumut|Lumut
en|MY_Perak_Sungai Siput|Sungai Siput
en|MY_Perak_Taiping|Taiping
en|MY_Perak_Tanjung Malim|Tanjung Malim
en|MY_Perak_Teluk Intan|Teluk Intan
en|MY_Perlis|Perlis
en|MY_Perlis_Kangar|Kangar
en|MY_Pulau Pinang|Pulau Pinang
en|MY_Pulau Pinang_Bukit Mertajam|Bukit Mertajam
en|MY_Pulau Pinang_Butterworth|Butterworth
en|MY_Pulau Pinang_George Town|George Town
en|MY_Pulau Pinang_Nibong Tebal|Nibong Tebal
en|MY_Sabah|Sabah
en|MY_Sabah_Beaufort|Beaufort
en|MY_Sabah_Beluran|Beluran
en|MY_Sabah_Keningau|Keningau
en|MY_Sabah_Kinabatangan|Kinabatangan
en|MY_Sabah_Kota Belud|Kota Belud
en|MY_Sabah_Kota Kinabalu|Kota Kinabalu
en|MY_Sabah_Kota Marudu|Kota Marudu
en|MY_Sabah_Kuala Penyu|Kuala Penyu
en|MY_Sabah_Kudat|Kudat
en|MY_Sabah_Kunak|Kunak
en|MY_Sabah_Lahad Datu|Lahad Datu
en|MY_Sabah_Nabawan|Nabawan
en|MY_Sabah_Papar|Papar
en|MY_Sabah_Penampang|Penampang
en|MY_Sabah_Pitas|Pitas
en|MY_Sabah_Ranau|Ranau
en|MY_Sabah_Sandakan|Sandakan
en|MY_Sabah_Semporna|Semporna
en|MY_Sabah_Sipitang|Sipitang
en|MY_Sabah_Tambunan|Tambunan
en|MY_Sabah_Tawau|Tawau
en|MY_Sabah_Tenom|Tenom
en|MY_Sabah_Tuaran|Tuaran
en|MY_Sarawak|Sarawak
en|MY_Sarawak_Betong|Betong
en|MY_Sarawak_Bintulu|Bintulu
en|MY_Sarawak_Kapit|Kapit
en|MY_Sarawak_Kuching|Kuching
en|MY_Sarawak_Limbang|Limbang
en|MY_Sarawak_Miri|Miri
en|MY_Sarawak_Mukah|Mukah
en|MY_Sarawak_Samarahan|Samarahan
en|MY_Sarawak_Sarikei|Sarikei
en|MY_Sarawak_Sibu|Sibu
en|MY_Sarawak_Sri Aman|Sri Aman
en|MY_Selangor|Selangor
en|MY_Selangor_Gombak|Gombak
en|MY_Selangor_Hulu Langat|Hulu Langat
en|MY_Selangor_Hulu Selangor|Hulu Selangor
en|MY_Selangor_Kuala Langat|Kuala Langat
en|MY_Selangor_Kuala Selangor|Kuala Selangor
en|MY_Selangor_Petaling|Petaling
en|MY_Selangor_Sabak Bernam|Sabak Bernam
en|MY_Selangor_Sepang|Sepang
en|MY_Terengganu|Terengganu
en|MY_Terengganu_Besut|Besut
en|MY_Terengganu_Dungun|Dungun
en|MY_Terengganu_Hulu|Hulu
en|MY_Terengganu_Kemaman|Kemaman
en|MY_Terengganu_Kuala Terengganu|Kuala Terengganu
en|MY_Terengganu_Marang|Marang
en|MY_Terengganu_Setiu|Setiu
en|MV|Maldives
en|MV_Addu Atoll|Addu Atoll
en|MV_Faadhippolhu|Faadhippolhu
en|MV_Felidhu Atoll|Felidhu Atoll
en|MV_Foammulah|Foammulah
en|MV_Hadhdhunmathi|Hadhdhunmathi
en|MV_Kolhumadulu|Kolhumadulu
en|MV_Male|Male
en|MV_Male Atoll|Male Atoll
en|MV_Mulakatholhu|Mulakatholhu
en|MV_North Ari Atoll|North Ari Atoll
en|MV_North Huvadhu Atoll|North Huvadhu Atoll
en|MV_North Maalhosmadhulu|North Maalhosmadhulu
en|MV_North Miladhunmadhulu|North Miladhunmadhulu
en|MV_North Nilandhe Atoll|North Nilandhe Atoll
en|MV_North Thiladhunmathi|North Thiladhunmathi
en|MV_South Ari Atoll|South Ari Atoll
en|MV_South Huvadhu Atoll|South Huvadhu Atoll
en|MV_South Maalhosmadulu|South Maalhosmadulu
en|MV_South Miladhunmadhulu|South Miladhunmadhulu
en|MV_South Nilandhe Atoll|South Nilandhe Atoll
en|MV_South Thiladhunmathi|South Thiladhunmathi
en|MH|Marshall Islands
en|MR|Mauritania
en|MU|Mauritius
en|MX|Mexico
en|MX_Acapulco|Acapulco
en|MX_Aguascalientes|Aguascalientes
en|MX_Benito Juurez|Benito Juárez
en|MX_Campeche|Campeche
en|MX_Carmen|Carmen
en|MX_Celaya|Celaya
en|MX_Cheturnal|Cheturnal
en|MX_Chihuahua|Chihuahua
en|MX_Chilpancingo|Chilpancingo
en|MX_Coatzacoalcos|Coatzacoalcos
en|MX_Colima|Colima
en|MX_Cuernavaca|Cuernavaca
en|MX_Culiacan|Culiacan
en|MX_Durango|Durango
en|MX_Ensenada|Ensenada
en|MX_Guadalajara|Guadalajara
en|MX_Guanajuato|Guanajuato
en|MX_Hermosillo|Hermosillo
en|MX_Irapuato|Irapuato
en|MX_Jalapa|Jalapa
en|MX_Juarez|Juarez
en|MX_La Paz|La Paz
en|MX_Leon|Leon
en|MX_Los Mochis|Los Mochis
en|MX_Matamoros|Matamoros
en|MX_Mazatlan|Mazatlan
en|MX_Merida|Merida
en|MX_Mexicali|Mexicali
en|MX_Mexico City|Mexico City
en|MX_Monclova|Monclova
en|MX_Monterrey|Monterrey
en|MX_Morelia|Morelia
en|MX_Nogales|Nogales
en|MX_Nuevo Laredo|Nuevo Laredo
en|MX_Oaxaca|Oaxaca
en|MX_Obregon|Obregon
en|MX_Orizaba|Orizaba
en|MX_Pachuca|Pachuca
en|MX_Poza Rica de Hidalgo|Poza Rica de Hidalgo
en|MX_Puebla|Puebla
en|MX_Puerto Vallarta|Puerto Vallarta
en|MX_Queretaro|Queretaro
en|MX_Reynosa|Reynosa
en|MX_Saltillo|Saltillo
en|MX_San Luis Potosi|San Luis Potosi
en|MX_Tampico|Tampico
en|MX_Tapachula|Tapachula
en|MX_Tehuacan|Tehuacán
en|MX_Tepic|Tepic
en|MX_Tijuana|Tijuana
en|MX_Tlaxcala|Tlaxcala
en|MX_Toluca|Toluca
en|MX_Torreon|Torreon
en|MX_Tuxtla Gutierrez|Tuxtla Gutierrez
en|MX_Uruapan|Uruapan
en|MX_Valles|Valles
en|MX_Veracruz|Veracruz
en|MX_Victoria|Victoria
en|MX_Villahermosa|Villahermosa
en|MX_Zacatecas|Zacatecas
en|MD|Moldova
en|MC|Monaco
en|MN|Mongolia
en|MA|Morocco
en|MZ|Mozambique
en|MM|Myanmar
en|NA|Namibia
en|NP|Nepal
en|NL|Netherlands
en|NL_'s-Hertogenbosch|'s-Hertogenbosch
en|NL_Almere|Almere
en|NL_Amersfoort|Amersfoort
en|NL_Amsterdam|Amsterdam
en|NL_Apeldoorn|Apeldoorn
en|NL_Arnhem|Arnhem
en|NL_Assen|Assen
en|NL_Breda|Breda
en|NL_Dordrecht|Dordrecht
en|NL_Ede|Ede
en|NL_Eindhoven|Eindhoven
en|NL_Emmen|Emmen
en|NL_Enschede|Enschede
en|NL_Groningen|Groningen
en|NL_Haarlem|Haarlem
en|NL_Hague|Hague
en|NL_Hoofddorp|Hoofddorp
en|NL_Leeuwarden|Leeuwarden
en|NL_Leiden|Leiden
en|NL_Lelystad|Lelystad
en|NL_Maastricht|Maastricht
en|NL_Middelburg|Middelburg
en|NL_Nijmegen|Nijmegen
en|NL_Rotterdam|Rotterdam
en|NL_Tilburg|Tilburg
en|NL_Utrecht|Utrecht
en|NL_Zoetermeer|Zoetermeer
en|NL_Zwolle|Zwolle
en|NC|New Caledonia
en|NZ|New Zealand
en|NZ_Auckland|Auckland
en|NZ_Blenheim|Blenheim
en|NZ_Christchurch|Christchurch
en|NZ_Dunedin|Dunedin
en|NZ_Far North|Far North
en|NZ_Gisborne|Gisborne
en|NZ_Greymouth|Greymouth
en|NZ_Hamilton|Hamilton
en|NZ_Hastings|Hastings
en|NZ_Invercargill|Invercargill
en|NZ_Kaipara|Kaipara
en|NZ_Manukau|Manukau
en|NZ_Napier|Napier
en|NZ_Nelson|Nelson
en|NZ_New Plymouth|New Plymouth
en|NZ_North Shore|North Shore
en|NZ_Palmerston North|Palmerston North
en|NZ_Richmond|Richmond
en|NZ_Stratford|Stratford
en|NZ_Taumarunui|Taumarunui
en|NZ_Waitakere|Waitakere
en|NZ_Wanganui|Wanganui
en|NZ_Whakatane|Whakatane
en|NZ_Whangarei|Whangarei
en|NI|Nicaragua
en|NG|Nigeria
en|KP|North Korea
en|MP|Northern Mariana Islands
en|NO|Norway
en|OM|Oman
en|PK|Pakistan
en|PW|Palau
en|PA|Panama
en|PG|Papua New Guinea
en|PE|Peru
en|PH|Philippines
en|PH_Caloocan|Caloocan
en|PH_Cebu|Cebu
en|PH_Davao|Davao
en|PH_Manila|Manila
en|PL|Poland
en|PT|Portugal
en|PT_Alentejo Central|Alentejo Central
en|PT_Alentejo Litoral|Alentejo Litoral
en|PT_Alto Alentejo|Alto Alentejo
en|PT_Alto Tros-os-Montes|Alto Tros-os-Montes
en|PT_Ave|Ave
en|PT_Baixo Alentejo|Baixo Alentejo
en|PT_Baixo Mondego|Baixo Mondego
en|PT_Baixo Vouga|Baixo Vouga
en|PT_Beira Interior Norte|Beira Interior Norte
en|PT_Beira Interior Sul|Beira Interior Sul
en|PT_Cavado|Cavado
en|PT_Cova da Beira|Cova da Beira
en|PT_Douro|Douro
en|PT_Entre Douro e Vouga|Entre Douro e Vouga
en|PT_Faro|Faro
en|PT_Funchal|Funchal
en|PT_Leziria do Tejo|Leziria do Tejo
en|PT_Lisboa|Lisboa
en|PT_Medio Tejo|Medio Tejo
en|PT_Minho-Lima|Minho-Lima
en|PT_Oeste|Oeste
en|PT_Peninsula de Setubal|Peninsula de Setubal
en|PT_Pinhal Interior Norte|Pinhal Interior Norte
en|PT_Pinhal Interior Sul|Pinhal Interior Sul
en|PT_Pinhal Litoral|Pinhal Litoral
en|PT_Ponta Delgada|Ponta Delgada
en|PT_Porto|Porto
en|PT_Serra da Estrela|Serra da Estrela
en|PT_Tamega|Tamega
en|PR|Puerto Rico
en|QA|Qatar
en|RE|Reunion
en|RO|Romania
en|RU|Russia
en|RU_Abakan|Abakan
en|RU_Aginskoye|Aginskoye
en|RU_Anadyr|Anadyr
en|RU_Arkhangelsk|Arkhangelsk
en|RU_Astrakhan|Astrakhan
en|RU_Barnaul|Barnaul
en|RU_Belgorod|Belgorod
en|RU_Birobidzan|Birobidzan
en|RU_Blagoveshchensk|Blagoveshchensk
en|RU_Bryansk|Bryansk
en|RU_Chabarovsk|Chabarovsk
en|RU_Cheboksary|Cheboksary
en|RU_Chelyabinsk|Chelyabinsk
en|RU_Cherkessk|Cherkessk
en|RU_Chita|Chita
en|RU_Elista|Elista
en|RU_Gorno-Altajsk|Gorno-Altajsk
en|RU_Grozny|Grozny
en|RU_Irkutsk|Irkutsk
en|RU_Ivanovo|Ivanovo
en|RU_Izhevsk|Izhevsk
en|RU_Jakutsk|Jakutsk
en|RU_Jaroslavl|Jaroslavl
en|RU_Jekaterinburg|Jekaterinburg
en|RU_Juzno-Sachalinsk|Juzno-Sachalinsk
en|RU_Kaliningrad|Kaliningrad
en|RU_Kaluga|Kaluga
en|RU_Kazan|Kazan
en|RU_Kemerovo|Kemerovo
en|RU_Khanty-Mansiysk|Khanty-Mansiysk
en|RU_Kirov|Kirov
en|RU_Kostroma|Kostroma
en|RU_Krasnodar|Krasnodar
en|RU_Krasnojarsk|Krasnojarsk
en|RU_Kudymkar|Kudymkar
en|RU_Kurgan|Kurgan
en|RU_Kursk|Kursk
en|RU_Kyzyl|Kyzyl
en|RU_Lipeck|Lipeck
en|RU_Magadan|Magadan
en|RU_Magas|Magas
en|RU_Makhachkala|Makhachkala
en|RU_Maykop|Maykop
en|RU_Moscow|Moscow
en|RU_Murmansk|Murmansk
en|RU_Nalchik|Nalchik
en|RU_Naryan-Mar|Naryan-Mar
en|RU_Niznij Novgorod|Niznij Novgorod
en|RU_Novosibirsk|Novosibirsk
en|RU_Omsk|Omsk
en|RU_Orel|Orel
en|RU_Orenburg|Orenburg
en|RU_Palana|Palana
en|RU_Penza|Penza
en|RU_Perm|Perm
en|RU_Petropavlovsk-Kamchatskiy|Petropavlovsk-Kamchatskiy
en|RU_Petrozavodsk|Petrozavodsk
en|RU_Pskov|Pskov
en|RU_Rostov-na-Donu|Rostov-na-Donu
en|RU_Ryazan|Ryazan
en|RU_Salekhard|Salekhard
en|RU_Samara|Samara
en|RU_Saransk|Saransk
en|RU_Saratov|Saratov
en|RU_Smolensk|Smolensk
en|RU_St. Peterburg|St. Peterburg
en|RU_Stavropol|Stavropol
en|RU_Syktyvkar|Syktyvkar
en|RU_Tambov|Tambov
en|RU_Tomsk|Tomsk
en|RU_Tula|Tula
en|RU_Tver|Tver
en|RU_Tyumen|Tyumen
en|RU_Ufa|Ufa
en|RU_Ulan-Ude|Ulan-Ude
en|RU_Uljanovsk|Uljanovsk
en|RU_Ust-Ordynsky|Ust-Ordynsky
en|RU_Velikij Novgorod|Velikij Novgorod
en|RU_Vladikavkaz|Vladikavkaz
en|RU_Vladimir|Vladimir
en|RU_Vladivostok|Vladivostok
en|RU_Volgograd|Volgograd
en|RU_Vologda|Vologda
en|RU_Voronezh|Voronezh
en|RU_Yoshkar-Ola|Yoshkar-Ola
en|RW|Rwanda
en|WS|Samoa
en|SM|San Marino
en|SA|Saudi Arabia
en|SA_Abha|Abha
en|SA_Al Bahah|Al Bahah
en|SA_Al Hofuf|Al Hofuf
en|SA_Al Jubail|Al Jubail
en|SA_Al Kharj|Al Kharj
en|SA_Al Mubarraz|Al Mubarraz
en|SA_Arar|Arar
en|SA_At Tarif|At Tarif
en|SA_Buraydah|Buraydah
en|SA_Dammam|Dammam
en|SA_Hafar al-Batin|Hafar al-Batin
en|SA_Hail|Hail
en|SA_Jiddah|Jiddah
en|SA_Jizan|Jizan
en|SA_Khamis Mushayt|Khamis Mushayt
en|SA_Makkah|Makkah
en|SA_Medina|Medina
en|SA_Najran|Najran
en|SA_Riyad|Riyad
en|SA_Sakaka|Sakaka
en|SA_Tabuk|Tabuk
en|SA_Yanbu al-Bahr|Yanbu al-Bahr
en|SN|Senegal
en|CS|Serbia,Montenegro
en|SC|Seychelles
en|SL|Sierra Leone
en|SG|Singapore
en|SK|Slovakia
en|SI|Slovenia
en|SB|Solomon Islands
en|ZA|South Africa
en|ZA_Barkley East|Barkley East
en|ZA_Beaufort West|Beaufort West
en|ZA_Bisho|Bisho
en|ZA_Bloemfontein|Bloemfontein
en|ZA_Bredasdorp|Bredasdorp
en|ZA_Bronkhorstspruit|Bronkhorstspruit
en|ZA_Cape Town|Cape Town
en|ZA_De Aar|De Aar
en|ZA_Dundee|Dundee
en|ZA_Durban|Durban
en|ZA_East London|East London
en|ZA_George|George
en|ZA_Giyani|Giyani
en|ZA_Groblersdal|Groblersdal
en|ZA_Ixopo|Ixopo
en|ZA_Johannesburg|Johannesburg
en|ZA_Kimberley|Kimberley
en|ZA_Klerksdorp|Klerksdorp
en|ZA_Kuruman|Kuruman
en|ZA_Ladysmith|Ladysmith
en|ZA_Middelburg|Middelburg
en|ZA_Mkuze|Mkuze
en|ZA_Moorreesburg|Moorreesburg
en|ZA_Mount Ayliff|Mount Ayliff
en|ZA_Nelspruit|Nelspruit
en|ZA_Newcastle|Newcastle
en|ZA_Nylstroom|Nylstroom
en|ZA_Pietermaritzburg|Pietermaritzburg
en|ZA_Pietersburg|Pietersburg
en|ZA_Port Elizabeth|Port Elizabeth
en|ZA_Port Shepstone|Port Shepstone
en|ZA_Pretoria|Pretoria
en|ZA_Queenstown|Queenstown
en|ZA_Randfontein|Randfontein
en|ZA_Richards Bay|Richards Bay
en|ZA_Rustenburg|Rustenburg
en|ZA_Sasolburg|Sasolburg
en|ZA_Secunda|Secunda
en|ZA_Springbok|Springbok
en|ZA_Thohoyandou|Thohoyandou
en|ZA_Thulamahashe|Thulamahashe
en|ZA_Trompsburg|Trompsburg
en|ZA_Ulundi|Ulundi
en|ZA_Umtata|Umtata
en|ZA_Upington|Upington
en|ZA_Vereeniging|Vereeniging
en|ZA_Vryburg|Vryburg
en|ZA_Welkom|Welkom
en|ZA_Witsieshoek|Witsieshoek
en|ZA_Worcester|Worcester
en|ES|Spain
en|ES_Alava|Alava
en|ES_Albacete|Albacete
en|ES_Alicante|Alicante
en|ES_Almeria|Almeria
en|ES_Asturias|Asturias
en|ES_Avila|Avila
en|ES_Badajoz|Badajoz
en|ES_Baleares|Baleares
en|ES_Barcelona|Barcelona
en|ES_Burgos|Burgos
en|ES_Caceres|Caceres
en|ES_Cadiz|Cadiz
en|ES_Castellon|Castellon
en|ES_Ciudad Real|Ciudad Real
en|ES_Cordoba|Cordoba
en|ES_Cuenca|Cuenca
en|ES_Gerona|Gerona
en|ES_Granada|Granada
en|ES_Guadalajara|Guadalajara
en|ES_Guipuzcoa|Guipuzcoa
en|ES_Huelva|Huelva
en|ES_Huesca|Huesca
en|ES_Jaen|Jaen
en|ES_La Coruna|La Coruna
en|ES_La Rioja|La Rioja
en|ES_Las Palmas|Las Palmas
en|ES_Leon|Leon
en|ES_Lleida|Lleida
en|ES_Madrid|Madrid
en|ES_Malaga|Malaga
en|ES_Murcia|Murcia
en|ES_Navarra|Navarra
en|ES_Orense|Orense
en|ES_Palencia|Palencia
en|ES_Provincia de Lugo|Provincia de Lugo
en|ES_Provincia de Pontevedra|Provincia de Pontevedra
en|ES_Salamanca|Salamanca
en|ES_Santa Cruz de Tenerife|Santa Cruz de Tenerife
en|ES_Santander|Santander
en|ES_Segovia|Segovia
en|ES_Sevilla|Sevilla
en|ES_Soria|Soria
en|ES_Tarragona|Tarragona
en|ES_Teruel|Teruel
en|ES_Toledo|Toledo
en|ES_Valencia|Valencia
en|ES_Valladolid|Valladolid
en|ES_Vizcaya|Vizcaya
en|ES_Zamora|Zamora
en|ES_Zaragoza|Zaragoza
en|LK|Sri Lanka
en|KN|St.Kitts and Nevis
en|SD|Sudan
en|SR|Surinam
en|SZ|Swaziland
en|SE|Sweden
en|SE_Blekinge|Blekinge
en|SE_Dalarnas|Dalarnas
en|SE_Gavleborgs|Gavleborgs
en|SE_Gotlands|Gotlands
en|SE_Hallands|Hallands
en|SE_Jamtlands|Jamtlands
en|SE_Jonkopings|Jonkopings
en|SE_Kalmar|Kalmar
en|SE_Kronobergs|Kronobergs
en|SE_Norrbottens|Norrbottens
en|SE_Orebro|Orebro
en|SE_Skane|Skane
en|SE_Sodermanlands|Sodermanlands
en|SE_Stockholms|Stockholms
en|SE_Uppsala|Uppsala
en|SE_Ustergotland|Ustergotland
en|SE_Varmlands|Varmlands
en|SE_Vasterbottens|Vasterbottens
en|SE_Vasternorrlands|Vasternorrlands
en|SE_Vastmanlands|Vastmanlands
en|SE_Vastra Gotalands|Vastra Gotalands
en|CH|Switzerland
en|CH_Aargau|Aargau
en|CH_Appenzell Ausserrhon|Appenzell Ausserrhon
en|CH_Appenzell Innerrhodn|Appenzell Innerrhodn
en|CH_Basel Landschaft|Basel Landschaft
en|CH_Basel-stadt|Basel-stadt
en|CH_Bern|Bern
en|CH_Freiburg|Freiburg
en|CH_Geneve|Geneve
en|CH_Glarus|Glarus
en|CH_Graubnden|Graub nden
en|CH_Jura|Jura
en|CH_Lausanne|Lausanne
en|CH_Luzern|Luzern
en|CH_Neuchatel|Neuchatel
en|CH_Nidwalden|Nidwalden
en|CH_Obwalden|Obwalden
en|CH_Schaffhausen|Schaffhausen
en|CH_Schwyz|Schwyz
en|CH_Solothurn|Solothurn
en|CH_St.Gallen|St.Gallen
en|CH_Thurgau|Thurgau
en|CH_Ticino|Ticino
en|CH_Uri|Uri
en|CH_Vaud|Vaud
en|CH_Wallis|Wallis
en|CH_Zug|Zug
en|CH_Zurich|Zurich
en|TJ|Tajikistan
en|TZ|Tanzania
en|TH|Thailand
en|TH_Amnat Charoen|Amnat Charoen
en|TH_Ang Thong|Ang Thong
en|TH_Bangkok|Bangkok
en|TH_Buri Ram|Buri Ram
en|TH_Chachoengsao|Chachoengsao
en|TH_Chai Nat|Chai Nat
en|TH_Chaiyaphum|Chaiyaphum
en|TH_Chanthaburi|Chanthaburi
en|TH_Chiang Mai|Chiang Mai
en|TH_Chiang Rai|Chiang Rai
en|TH_Chon Buri|Chon Buri
en|TH_Chumphon|Chumphon
en|TH_Kalasin|Kalasin
en|TH_Kamphaeng Phet|Kamphaeng Phet
en|TH_Kanchanaburi|Kanchanaburi
en|TH_Khon Kaen|Khon Kaen
en|TH_Krabi|Krabi
en|TH_Lamphun|Lamphun
en|TH_Loei|Loei
en|TH_Lop Buri|Lop Buri
en|TH_Mae Hong Son|Mae Hong Son
en|TH_Maha Sarakham|Maha Sarakham
en|TH_Mukdahan|Mukdahan
en|TH_Nakhon Nayok|Nakhon Nayok
en|TH_Nakhon Pathom|Nakhon Pathom
en|TH_Nakhon Phanom|Nakhon Phanom
en|TH_Nakhon Sawan|Nakhon Sawan
en|TH_Nakhon Si Thammarat|Nakhon Si Thammarat
en|TH_Nan|Nan
en|TH_Narathiwat|Narathiwat
en|TH_Nong Bua Lamphu|Nong Bua Lamphu
en|TH_Nong Khai|Nong Khai
en|TH_Nonthaburi|Nonthaburi
en|TH_Pathum Thani|Pathum Thani
en|TH_Pattani|Pattani
en|TH_Phangnga|Phangnga
en|TH_Phatthalung|Phatthalung
en|TH_Phayao|Phayao
en|TH_Phetchabun|Phetchabun
en|TH_Phetchaburi|Phetchaburi
en|TH_Phichit|Phichit
en|TH_Phitsanulok|Phitsanulok
en|TH_Phra Nakhon Si Ayutthaya|Phra Nakhon Si Ayutthaya
en|TH_Phrae|Phrae
en|TH_Phuket|Phuket
en|TH_Prachin Buri|Prachin Buri
en|TH_Prachuap Khiri Khan|Prachuap Khiri Khan
en|TH_Ranong|Ranong
en|TH_Ratchaburi|Ratchaburi
en|TH_Rayong|Rayong
en|TH_Roi Et|Roi Et
en|TH_Sa Kaeo|Sa Kaeo
en|TH_Sakon Nakhon|Sakon Nakhon
en|TH_Samut Prakan|Samut Prakan
en|TH_Samut Sakhon|Samut Sakhon
en|TH_Samut Songkhram|Samut Songkhram
en|TH_Saraburi|Saraburi
en|TH_Satun|Satun
en|TH_Si sa ket|Si sa ket
en|TH_Sing Buri|Sing Buri
en|TH_Songkhla|Songkhla
en|TH_Sukhothai|Sukhothai
en|TH_Suphan Buri|Suphan Buri
en|TH_Surat Thani|Surat Thani
en|TH_Surin|Surin
en|TH_Tak|Tak
en|TH_Trang|Trang
en|TH_Trat|Trat
en|TH_Ubon Ratchathani|Ubon Ratchathani
en|TH_Udon Thani|Udon Thani
en|TH_Uthai Thani|Uthai Thani
en|TH_Uttaradit|Uttaradit
en|TH_Yala|Yala
en|TH_Yasothon|Yasothon
en|TO|Tonga
en|TT|Trinidad and Tobago
en|TR|Turkey
en|TR_Adana|Adana
en|TR_Adiyaman|Adiyaman
en|TR_Afyon|Afyon
en|TR_Agri|Agri
en|TR_Aksaray|Aksaray
en|TR_Amasya|Amasya
en|TR_Ankara|Ankara
en|TR_Antalya|Antalya
en|TR_Ardahan|Ardahan
en|TR_Artvin|Artvin
en|TR_Aydin|Aydin
en|TR_Balikesir|Balikesir
en|TR_Bartin|Bartin
en|TR_Batman|Batman
en|TR_Bayburt|Bayburt
en|TR_Bilecik|Bilecik
en|TR_Bingol|Bingol
en|TR_Bitlis|Bitlis
en|TR_Bolu|Bolu
en|TR_Burdur|Burdur
en|TR_Bursa|Bursa
en|TR_Canakkale|Canakkale
en|TR_Cankiri|Cankiri
en|TR_Corum|Corum
en|TR_Denizli|Denizli
en|TR_Diyarbakir|Diyarbakir
en|TR_Edirne|Edirne
en|TR_Elazig|Elazig
en|TR_Erzincan|Erzincan
en|TR_Erzurum|Erzurum
en|TR_Eskisehir|Eskisehir
en|TR_Gaziantep|Gaziantep
en|TR_Giresun|Giresun
en|TR_Gumushane|Gumushane
en|TR_Hakkari|Hakkari
en|TR_Hatay|Hatay
en|TR_Icel|Icel
en|TR_Igdir|Igdir
en|TR_Isparta|Isparta
en|TR_Istanbul|Istanbul
en|TR_Izmir|Izmir
en|TR_Kahraman?Maras|Kahraman Maras
en|TR_Karabuk|Karabuk
en|TR_Karaman|Karaman
en|TR_Kars|Kars
en|TR_Kastamonu|Kastamonu
en|TR_Kayseri|Kayseri
en|TR_Kilis|Kilis
en|TR_Kirikkale|Kirikkale
en|TR_Kirklareli|Kirklareli
en|TR_Kirsehir|Kirsehir
en|TR_Kocaeli|Kocaeli
en|TR_Konya|Konya
en|TR_Kutahya|Kutahya
en|TR_Malatya|Malatya
en|TR_Manisa|Manisa
en|TR_Mardin|Mardin
en|TR_Mugla|Mugla
en|TR_Mus|Mus
en|TR_Nevsehir|Nevsehir
en|TR_Nigde|Nigde
en|TR_Ordu|Ordu
en|TR_Rize|Rize
en|TR_Sakarya|Sakarya
en|TR_Samsun|Samsun
en|TR_Siirt|Siirt
en|TR_Sinop|Sinop
en|TR_Sirnak|Sirnak
en|TR_Sivas|Sivas
en|TR_Tekirdag|Tekirdag
en|TR_Tokat|Tokat
en|TR_Trabzon|Trabzon
en|TR_Tunceli|Tunceli
en|TR_Urfa|Urfa
en|TR_Usak|Usak
en|TR_Van|Van
en|TR_Yozgat|Yozgat
en|TR_Zonguldak|Zonguldak
en|UG|Uganda
en|UA|Ukraine
en|UA_Cherkasy|Cherkasy
en|UA_Chernihiv|Chernihiv
en|UA_Chernivtsi|Chernivtsi
en|UA_Dnipropetrovsk|Dnipropetrovsk
en|UA_Donetsk|Donetsk
en|UA_Ivano-Frankivsk|Ivano-Frankivsk
en|UA_Kharkiv|Kharkiv
en|UA_Khersonsrka|Khersonsrka
en|UA_Khmelnytsky|Khmelnytsky
en|UA_Kirovohrad|Kirovohrad
en|UA_Kyiv|Kyiv
en|UA_Luhansk|Luhansk
en|UA_Lviv|Lviv
en|UA_Mykolayiv|Mykolayiv
en|UA_Odessa|Odessa
en|UA_Poltava|Poltava
en|UA_Respublika Krym|Respublika Krym
en|UA_Rivne|Rivne
en|UA_Sumy|Sumy
en|UA_Ternopil|Ternopil
en|UA_Vinnytsya|Vinnytsya
en|UA_Volyn|Volyn
en|UA_Zakarpatska|Zakarpatska
en|UA_Zaporizhzhya|Zaporizhzhya
en|UA_Zhytomyr|Zhytomyr
en|AE|United Arab Emirates
en|AE_Abu Dhabi|Abu Dhabi
en|AE_Al l'Ayn|Al l'Ayn
en|AE_Ash Shariqah|Ash Shariqah
en|AE_Dubayy|Dubayy
en|GB|United Kingdom
en|GB_England|England
en|GB_England_Bath|Bath
en|GB_England_Birmingham|Birmingham
en|GB_England_Bradford|Bradford
en|GB_England_Brighton & Hove|Brighton & Hove
en|GB_England_Bristol|Bristol
en|GB_England_Cambridge|Cambridge
en|GB_England_Canterbury|Canterbury
en|GB_England_Carlisle|Carlisle
en|GB_England_Chester|Chester
en|GB_England_Chichester|Chichester
en|GB_England_Coventry|Coventry
en|GB_England_Derby|Derby
en|GB_England_Durham|Durham
en|GB_England_Ely|Ely
en|GB_England_Exeter|Exeter
en|GB_England_Gloucester|Gloucester
en|GB_England_Hereford|Hereford
en|GB_England_Kingston upon Hull|Kingston upon Hull
en|GB_England_Lancaster|Lancaster
en|GB_England_Leeds|Leeds
en|GB_England_Leicester|Leicester
en|GB_England_Lichfield|Lichfield
en|GB_England_Lincoln|Lincoln
en|GB_England_Liverpool|Liverpool
en|GB_England_London|London
en|GB_England_Manchester|Manchester
en|GB_England_Newcastle|Newcastle
en|GB_England_Norwich|Norwich
en|GB_England_Nottingham|Nottingham
en|GB_England_Oxford|Oxford
en|GB_England_Peterborough|Peterborough
en|GB_England_Plymouth|Plymouth
en|GB_England_Portsmouth|Portsmouth
en|GB_England_Preston|Preston
en|GB_England_Ripon|Ripon
en|GB_England_Saint Albans|Saint Albans
en|GB_England_Salford|Salford
en|GB_England_Salisbury|Salisbury
en|GB_England_Sheffield|Sheffield
en|GB_England_Southampton|Southampton
en|GB_England_Stoke-on-Trent|Stoke-on-Trent
en|GB_England_Sunderland|Sunderland
en|GB_England_Truro|Truro
en|GB_England_Wakefield|Wakefield
en|GB_England_Wells|Wells
en|GB_England_Winchester|Winchester
en|GB_England_Wolverhampton|Wolverhampton
en|GB_England_Worcester|Worcester
en|GB_England_York|York
en|GB_Northern Ireland|Northern Ireland
en|GB_Northern Ireland_Belfast|Belfast
en|GB_Northern Ireland_Derry|Derry
en|GB_Northern Ireland_Lisburn|Lisburn
en|GB_Northern Ireland_Newry|Newry
en|GB_Scotland|Scotland
en|GB_Scotland_Aberdeen|Aberdeen
en|GB_Scotland_Dundee|Dundee
en|GB_Scotland_Edinburgh|Edinburgh
en|GB_Scotland_Glasgow|Glasgow
en|GB_Scotland_Inverness|Inverness
en|GB_Scotland_Stirling|Stirling
en|GB_Wales|Wales
en|GB_Wales_Bangor|Bangor
en|GB_Wales_Cardiff|Cardiff
en|GB_Wales_Newport|Newport
en|GB_Wales_Swansea|Swansea
en|US|United States
en|US_Alabama|Alabama
en|US_Alabama_Birmingham|Birmingham
en|US_Alabama_Mobile|Mobile
en|US_Alabama_Montgomery|Montgomery
en|US_Alaska|Alaska
en|US_Alaska_Anchorage|Anchorage
en|US_Alaska_Fairbanks|Fairbanks
en|US_Alaska_Juneau|Juneau
en|US_Arizona|Arizona
en|US_Arizona_Glendale|Glendale
en|US_Arizona_Mesa|Mesa
en|US_Arizona_Phoenix|Phoenix
en|US_Arizona_Scottsdale|Scottsdale
en|US_Arizona_Tempe|Tempe
en|US_Arizona_Tucson|Tucson
en|US_Arizona_Yuma|Yuma
en|US_Arkansas|Arkansas
en|US_Arkansas_Fayetteville|Fayetteville
en|US_Arkansas_Fort Smith|Fort Smith
en|US_Arkansas_Little Rock|Little Rock
en|US_California|California
en|US_California_Los Angeles|Los Angeles
en|US_California_San Diego|San Diego
en|US_California_San Francisco|San Francisco
en|US_California_San Jose|San Jose
en|US_Colorado|Colorado
en|US_Colorado_Aspen|Aspen
en|US_Colorado_Aurora|Aurora
en|US_Colorado_Boulder|Boulder
en|US_Colorado_Colorado Springs|Colorado Springs
en|US_Colorado_Denver|Denver
en|US_Colorado_Fort Collins|Fort Collins
en|US_Colorado_Grand Junction|Grand Junction
en|US_Colorado_Vail|Vail
en|US_Connecticut|Connecticut
en|US_Connecticut_Bridgeport|Bridgeport
en|US_Connecticut_Darien|Darien
en|US_Connecticut_Greenwich|Greenwich
en|US_Connecticut_Hartford|Hartford
en|US_Connecticut_Middletown|Middletown
en|US_Connecticut_New Britain|New Britain
en|US_Connecticut_New Haven|New Haven
en|US_Connecticut_Waterbury|Waterbury
en|US_Connecticut_Westport|Westport
en|US_Delaware|Delaware
en|US_Delaware_Dover|Dover
en|US_Delaware_Newark|Newark
en|US_Delaware_Wilmington|Wilmington
en|US_District of Columbia|District of Columbia
en|US_District of Columbia_Washington D.C.|Washington D.C.
en|US_Florida|Florida
en|US_Florida_Cape Canaveral?|Cape Canaveral?
en|US_Florida_Fort Lauderdale|Fort Lauderdale
en|US_Florida_Jacksonville|Jacksonville
en|US_Florida_Key West|Key West
en|US_Florida_Miami|Miami
en|US_Florida_Orlando|Orlando
en|US_Florida_St. Petersburg|St. Petersburg
en|US_Florida_Tallahassee|Tallahassee
en|US_Florida_Tampa|Tampa
en|US_Georgia|Georgia
en|US_Georgia_Atlanta|Atlanta
en|US_Georgia_Augusta|Augusta
en|US_Georgia_Columbus|Columbus
en|US_Georgia_Macon|Macon
en|US_Georgia_Savannah|Savannah
en|US_Hawaii|Hawaii
en|US_Hawaii_Hilo|Hilo
en|US_Hawaii_Honolulu|Honolulu
en|US_Hawaii_Kailua|Kailua
en|US_Idaho|Idaho
en|US_Idaho_American Falls|American Falls
en|US_Idaho_Blackfoot|Blackfoot
en|US_Idaho_Boise|Boise
en|US_Idaho_Coeur d'Alene|Coeur d'Alene
en|US_Idaho_Idaho Falls|Idaho Falls
en|US_Idaho_Ketchum|Ketchum
en|US_Idaho_Lewiston|Lewiston
en|US_Idaho_Moscow|Moscow
en|US_Idaho_Murphy|Murphy
en|US_Idaho_Nampa|Nampa
en|US_Idaho_Pocatello|Pocatello
en|US_Idaho_Sun Valley|Sun Valley
en|US_Illinois|Illinois
en|US_Illinois_Alton|Alton
en|US_Illinois_Aurora|Aurora
en|US_Illinois_Bloomington|Bloomington
en|US_Illinois_Carbondale|Carbondale
en|US_Illinois_Centralia|Centralia
en|US_Illinois_Champaign-Urbana|Champaign-Urbana
en|US_Illinois_Chicago|Chicago
en|US_Illinois_Danville|Danville
en|US_Illinois_De Kalb|De Kalb
en|US_Illinois_Decatur|Decatur
en|US_Illinois_East St Louis|East St Louis
en|US_Illinois_Galesburg|Galesburg
en|US_Illinois_Normal|Normal
en|US_Illinois_Peoria|Peoria
en|US_Illinois_Rock Island|Rock Island
en|US_Illinois_Rockford|Rockford
en|US_Illinois_Springfield|Springfield
en|US_Illinois_Waukegan|Waukegan
en|US_Indiana|Indiana
en|US_Indiana_Evansville|Evansville
en|US_Indiana_Fort Wayne|Fort Wayne
en|US_Indiana_Indianapolis|Indianapolis
en|US_Iowa|Iowa
en|US_Iowa_Cedar Rapids|Cedar Rapids
en|US_Iowa_Davenport|Davenport
en|US_Iowa_Des Moines|Des Moines
en|US_Kansas|Kansas
en|US_Kansas_Abilene|Abilene
en|US_Kansas_Hutchinson|Hutchinson
en|US_Kansas_Kansas City|Kansas City
en|US_Kansas_Lawrence|Lawrence
en|US_Kansas_Leavenworth|Leavenworth
en|US_Kansas_Manhattan|Manhattan
en|US_Kansas_Overland Park|Overland Park
en|US_Kansas_Topeka|Topeka
en|US_Kansas_Wichita|Wichita
en|US_Kentucky|Kentucky
en|US_Kentucky_Lexington|Lexington
en|US_Kentucky_Louisville|Louisville
en|US_Kentucky_Owensboro|Owensboro
en|US_Louisiana|Louisiana
en|US_Louisiana_Baton Rouge|Baton Rouge
en|US_Louisiana_New Orleans|New Orleans
en|US_Louisiana_Shreveport|Shreveport
en|US_Maine|Maine
en|US_Maine_Bangor|Bangor
en|US_Maine_Lewiston|Lewiston
en|US_Maine_Portland|Portland
en|US_Maryland|Maryland
en|US_Maryland_Balitmore|Balitmore
en|US_Maryland_Gaithersburg|Gaithersburg
en|US_Maryland_Rockville|Rockville
en|US_Massachusetts|Massachusetts
en|US_Massachusetts_Boston|Boston
en|US_Massachusetts_Springfield|Springfield
en|US_Massachusetts_Worcester|Worcester
en|US_Michigan|Michigan
en|US_Michigan_Ann Arbor|Ann Arbor
en|US_Michigan_Battle Creek|Battle Creek
en|US_Michigan_Bay City|Bay City
en|US_Michigan_Dearborn|Dearborn
en|US_Michigan_Detroit|Detroit
en|US_Michigan_Flint|Flint
en|US_Michigan_Grand Rapids|Grand Rapids
en|US_Michigan_Kalamazoo|Kalamazoo
en|US_Michigan_Lansing|Lansing
en|US_Michigan_Muskegon|Muskegon
en|US_Michigan_Pontiac|Pontiac
en|US_Michigan_Port Huron|Port Huron
en|US_Michigan_Saginaw|Saginaw
en|US_Michigan_Sault Ste Marie|Sault Ste Marie
en|US_Michigan_Warren|Warren
en|US_Michigan_Wyandotte|Wyandotte
en|US_Minnesota|Minnesota
en|US_Minnesota_Minneapolis|Minneapolis
en|US_Minnesota_Rochester|Rochester
en|US_Minnesota_Saint Paul|Saint Paul
en|US_Mississippi|Mississippi
en|US_Mississippi_Biloxi|Biloxi
en|US_Mississippi_Greenville|Greenville
en|US_Mississippi_Gulfport|Gulfport
en|US_Mississippi_Hattiesburg|Hattiesburg
en|US_Mississippi_Jackson|Jackson
en|US_Mississippi_Meridian|Meridian
en|US_Mississippi_Vicksburg|Vicksburg
en|US_Missouri|Missouri
en|US_Missouri_Columbia|Columbia
en|US_Missouri_Jefferson City|Jefferson City
en|US_Missouri_Kansas City|Kansas City
en|US_Missouri_Saint Louis|Saint Louis
en|US_Missouri_Springfield|Springfield
en|US_Montana|Montana
en|US_Montana_Billings|Billings
en|US_Montana_Great Falls|Great Falls
en|US_Montana_Missoula|Missoula
en|US_Nebraska|Nebraska
en|US_Nebraska_Bellevue|Bellevue
en|US_Nebraska_Lincoln|Lincoln
en|US_Nebraska_Omaha|Omaha
en|US_Nevada|Nevada
en|US_Nevada_Carson City|Carson City
en|US_Nevada_Elko|Elko
en|US_Nevada_Henderson|Henderson
en|US_Nevada_Las Vegas|Las Vegas
en|US_Nevada_North Las Vegas|North Las Vegas
en|US_Nevada_Reno|Reno
en|US_Nevada_Sparks|Sparks
en|US_Nevada_Virginia City|Virginia City
en|US_New Hampshire|New Hampshire
en|US_New Hampshire_Concord|Concord
en|US_New Hampshire_Manchester|Manchester
en|US_New Hampshire_Nashua|Nashua
en|US_New Jersey|New Jersey
en|US_New Jersey_Jersey City|Jersey City
en|US_New Jersey_Newark|Newark
en|US_New Jersey_Paterson|Paterson
en|US_New Mexico|New Mexico
en|US_New Mexico_Albuquerque|Albuquerque
en|US_New Mexico_Las Cruces|Las Cruces
en|US_New Mexico_Roswell|Roswell
en|US_New Mexico_Santa Fe|Santa Fe
en|US_New York|New York
en|US_New York_Buffalo|Buffalo
en|US_New York_New York|New York
en|US_New York_Rochester|Rochester
en|US_North Carolina|North Carolina
en|US_North Carolina_Asheville|Asheville
en|US_North Carolina_Chapel Hill|Chapel Hill
en|US_North Carolina_Charlotte|Charlotte
en|US_North Carolina_Durham|Durham
en|US_North Carolina_Greensboro|Greensboro
en|US_North Carolina_Raleigh|Raleigh
en|US_North Carolina_Raleigh-Durham|Raleigh-Durham
en|US_North Dakota|North Dakota
en|US_North Dakota_Bismarck|Bismarck
en|US_North Dakota_Fargo|Fargo
en|US_North Dakota_Grand Forks|Grand Forks
en|US_North Dakota_Minot|Minot
en|US_Ohio|Ohio
en|US_Ohio_Cincinnati|Cincinnati
en|US_Ohio_Cleveland|Cleveland
en|US_Ohio_Columbus|Columbus
en|US_Ohio_Dayton|Dayton
en|US_Ohio_Toledo|Toledo
en|US_Oklahoma|Oklahoma
en|US_Oklahoma_Norman|Norman
en|US_Oklahoma_Oklahoma City|Oklahoma City
en|US_Oklahoma_Tulsa|Tulsa
en|US_Oregon|Oregon
en|US_Oregon_Bend|Bend
en|US_Oregon_Coos Bay|Coos Bay
en|US_Oregon_Corvallis|Corvallis
en|US_Oregon_Crater Lake|Crater Lake
en|US_Oregon_Dallas|Dallas
en|US_Oregon_Eugene|Eugene
en|US_Oregon_Grant's Pass|Grant's Pass
en|US_Oregon_Hood River|Hood River
en|US_Oregon_Medford|Medford
en|US_Oregon_Portland|Portland
en|US_Oregon_Salem|Salem
en|US_Oregon_Springfield|Springfield
en|US_Oregon_St Helens|St Helens
en|US_Oregon_The Dalles|The Dalles
en|US_Oregon_Tillamook|Tillamook
en|US_Pennsylvania|Pennsylvania
en|US_Pennsylvania_Allentown|Allentown
en|US_Pennsylvania_Philadephia|Philadephia
en|US_Pennsylvania_Pittsburgh|Pittsburgh
en|US_Rhode Island|Rhode Island
en|US_Rhode Island_Cranston|Cranston
en|US_Rhode Island_Newport|Newport
en|US_Rhode Island_Pawtucket|Pawtucket
en|US_Rhode Island_Providence|Providence
en|US_Rhode Island_Warwick|Warwick
en|US_Rhode Island_Westerly|Westerly
en|US_Rhode Island_Woonsocket|Woonsocket
en|US_South Carolina|South Carolina
en|US_South Carolina_Charleston|Charleston
en|US_South Carolina_Columbia|Columbia
en|US_South Carolina_North Charleston|North Charleston
en|US_South Dakota|South Dakota
en|US_South Dakota_Aberdeen|Aberdeen
en|US_South Dakota_Rapid City|Rapid City
en|US_South Dakota_Sioux Falls|Sioux Falls
en|US_Tennessee|Tennessee
en|US_Tennessee_Bristol|Bristol
en|US_Tennessee_Chattanooga|Chattanooga
en|US_Tennessee_Johnson City|Johnson City
en|US_Tennessee_Kingsport|Kingsport
en|US_Tennessee_Knoxville|Knoxville
en|US_Tennessee_Memphis|Memphis
en|US_Tennessee_Nashville|Nashville
en|US_Tennessee_Smyrna|Smyrna
en|US_Tennessee_Spring Hill|Spring Hill
en|US_Tennessee_Tri-City Area|Tri-City Area
en|US_Texas|Texas
en|US_Texas_Austin|Austin
en|US_Texas_Corpus Christi|Corpus Christi
en|US_Texas_Dallas|Dallas
en|US_Texas_El Paso|El Paso
en|US_Texas_Galveston|Galveston
en|US_Texas_Houston|Houston
en|US_Texas_Laredo|Laredo
en|US_Texas_Mcallen|McAllen
en|US_Texas_San Antonio|San Antonio
en|US_Utah|Utah
en|US_Utah_Layton|Layton
en|US_Utah_Ogden|Ogden
en|US_Utah_Orem|Orem
en|US_Utah_Park City|Park City
en|US_Utah_Provo|Provo
en|US_Utah_Salt Lake City|Salt Lake City
en|US_Utah_St.George|St.George
en|US_Utah_West Valley City|West Valley City
en|US_Vermont|Vermont
en|US_Vermont_Burlington|Burlington
en|US_Vermont_Rutland|Rutland
en|US_Vermont_South Burlington|South Burlington
en|US_Virginia|Virginia
en|US_Virginia_Chesapeake|Chesapeake
en|US_Virginia_Norfolk|Norfolk
en|US_Virginia_Virginia Beach|Virginia Beach
en|US_Washington|Washington
en|US_Washington_Seattle|Seattle
en|US_Washington_Spokane|Spokane
en|US_Washington_Tacoma|Tacoma
en|US_West Virginia|West Virginia
en|US_West Virginia_Charleston|Charleston
en|US_West Virginia_Huntington|Huntington
en|US_West Virginia_Parkersburg|Parkersburg
en|US_Wisconsin|Wisconsin
en|US_Wisconsin_Appleton|Appleton
en|US_Wisconsin_Eau Claire|Eau Claire
en|US_Wisconsin_Green Bay|Green Bay
en|US_Wisconsin_Kenosha|Kenosha
en|US_Wisconsin_Lacrosse|LaCrosse
en|US_Wisconsin_Madison|Madison
en|US_Wisconsin_Manitowoc|Manitowoc
en|US_Wisconsin_Milwaukee|Milwaukee
en|US_Wisconsin_Oshkosh|Oshkosh
en|US_Wisconsin_Racine|Racine
en|US_Wisconsin_Sheboygan|Sheboygan
en|US_Wisconsin_Wausau|Wausau
en|US_Wyoming|Wyoming
en|US_Wyoming_Casper|Casper
en|US_Wyoming_Cheyenne|Cheyenne
en|US_Wyoming_Evanston|Evanston
en|US_Wyoming_Laramie|Laramie
en|US_Wyoming_Rock Springs|Rock Springs
en|US_Wyoming_Sheridan|Sheridan
en|UY|Uruguay
en|UZ|Uzbekistan
en|VU|Vanuatu
en|VE|Venezuela
en|VE_Amazonas|Amazonas
en|VE_Anzoategui|Anzoategui
en|VE_Apure|Apure
en|VE_Aragua|Aragua
en|VE_Barinas|Barinas
en|VE_Bolivar|Bolivar
en|VE_Carabobo|Carabobo
en|VE_Caracas|Caracas
en|VE_Cojedes|Cojedes
en|VE_Delta Amacuro|Delta Amacuro
en|VE_Dependencias Federales|Dependencias Federales
en|VE_Estado Nueva Esparta|Estado Nueva Esparta
en|VE_Falcon|Falcon
en|VE_Guarico|Guarico
en|VE_Lara|Lara
en|VE_Merida|Merida
en|VE_Miranda|Miranda
en|VE_Monagas|Monagas
en|VE_Portuguesa|Portuguesa
en|VE_Sucre|Sucre
en|VE_Tachira|Tachira
en|VE_Trujillo|Trujillo
en|VE_Yaracuy|Yaracuy
en|VE_Zulia|Zulia
en|VN|Vietnam
en|VN_Haiphong|Haiphong
en|VN_Hanoi|Hanoi
en|VN_Ho Chi Minh City|Ho Chi Minh City
en|YE|Yemen
en|ZM|Zambia
